Reference, Value, Footprint, Datasheet, Cena, Link, Model, Opis, Producent, Typ, Moc, Tolerancja, Dielektryk, Napięcie, Induktancja
"H1","MH","MountingHole:MountingHole_3.5mm_Pad_Via","~"
"H2","MH","MountingHole:MountingHole_3.5mm_Pad_Via","~"
"H3","MH","MountingHole:MountingHole_3.5mm_Pad_Via","~"
"H4","MH","MountingHole:MountingHole_3.5mm_Pad_Via","~"
"H5","MH","MountingHole:MountingHole_3.5mm_Pad_Via","~"
"H6","MH","MountingHole:MountingHole_3.5mm_Pad_Via","~"
"FID1","Fiducial","Fiducial:Fiducial_1mm_Mask2mm","~"
"FID2","Fiducial","Fiducial:Fiducial_1mm_Mask2mm","~"
"FID3","Fiducial","Fiducial:Fiducial_1mm_Mask2mm","~"
"FID4","Fiducial","Fiducial:Fiducial_1mm_Mask2mm","~"
"U1","TMC2209-LA","footprints:TMC2209-LA","https://www.trinamic.com/fileadmin/assets/Products/ICs_Documents/TMC2209_Datasheet_V103.pdf","10.30","https://pl.farnell.com/trinamic/tmc2209-la-t/motor-driver-stepper-qfn-28/dp/3131535?st=TMC2209","TMC2209-LA-T","Sterownik/kontroler silnika krokowego, 4.75V do 29V, 2A/1 wyjście, QFN-28","TRINAMIC","SMD","","","","",""
"R4","100mΩ","Resistor_SMD:R_2010_5025Metric","~","0.76246","https://www.tme.eu/pl/details/cs2010-0r1-1%25-hp/rezystory-smd-2010/viking/cs10ftftr100/","CS10FTFTR100","Rezystor: thick film; pomiarowy; SMD; 2010; 100mΩ; 1W; ±1%","VIKING","SMD","1W","1%","","",""
"C7","22nF","Capacitor_SMD:C_0603_1608Metric","~","0.07284","https://www.tme.eu/pl/details/cc0603krx7r9223/kondensatory-mlcc-smd-0603/yageo/cc0603krx7r9bb223/","CC0603KRX7R9223","","YAGEO","SMD","","10%","X7R","50V",""
"R5","100mΩ","Resistor_SMD:R_2010_5025Metric","~","0.76246","https://www.tme.eu/pl/details/cs2010-0r1-1%25-hp/rezystory-smd-2010/viking/cs10ftftr100/","CS10FTFTR100","Rezystor: thick film; pomiarowy; SMD; 2010; 100mΩ; 1W; ±1%","VIKING","SMD","1W","1%","","",""
"C5","0.1uF","Capacitor_SMD:C_0603_1608Metric","~","0.05982","","CL10B104KB8NNNC ","","SAMSUNG","SMD","","10%","X7R","50V",""
"C6","0.1uF","Capacitor_SMD:C_0603_1608Metric","~","0.05982","","CL10B104KB8NNNC ","","SAMSUNG","SMD","","10%","X7R","50V",""
"C8","0.1uF","Capacitor_SMD:C_0603_1608Metric","~","0.05982","","CL10B104KB8NNNC ","","SAMSUNG","SMD","","10%","X7R","50V",""
"C10","0.1uF","Capacitor_SMD:C_0603_1608Metric","~","0.05982","","CL10B104KB8NNNC ","","SAMSUNG","SMD","","10%","X7R","50V",""
"FB1","60Ohm@100MHz","Inductor_SMD:L_0805_2012Metric","~","0.13674","https://www.tme.eu/pl/details/blm21pg600sn1d/ferryty-koraliki/murata/","BLM21PG600SN1D","Ferryt: koralik; Imp.@ 100MHz: 60Ω; Montaż: SMD; 3A; Obud: 0805","MURATA","SMD","","","","",""
"FB2","60Ohm@100MHz","Inductor_SMD:L_0805_2012Metric","~","0.13674","https://www.tme.eu/pl/details/blm21pg600sn1d/ferryty-koraliki/murata/","BLM21PG600SN1D","Ferryt: koralik; Imp.@ 100MHz: 60Ω; Montaż: SMD; 3A; Obud: 0805","MURATA","SMD","","","","",""
"FB3","60Ohm@100MHz","Inductor_SMD:L_0805_2012Metric","~","0.13674","https://www.tme.eu/pl/details/blm21pg600sn1d/ferryty-koraliki/murata/","BLM21PG600SN1D","Ferryt: koralik; Imp.@ 100MHz: 60Ω; Montaż: SMD; 3A; Obud: 0805","MURATA","SMD","","","","",""
"FB4","60Ohm@100MHz","Inductor_SMD:L_0805_2012Metric","~","0.13674","https://www.tme.eu/pl/details/blm21pg600sn1d/ferryty-koraliki/murata/","BLM21PG600SN1D","Ferryt: koralik; Imp.@ 100MHz: 60Ω; Montaż: SMD; 3A; Obud: 0805","MURATA","SMD","","","","",""
"C14","470pF","Capacitor_SMD:C_0805_2012Metric","~","0.09147","https://www.tme.eu/pl/details/c0805c471j1gac/kondensatory-mlcc-smd-0805/kemet/c0805c471j1gactu/","C0805C471J1GAC","","KEMET","SMD","","","X5R","100V",""
"C11","470pF","Capacitor_SMD:C_0805_2012Metric","~","0.09147","https://www.tme.eu/pl/details/c0805c471j1gac/kondensatory-mlcc-smd-0805/kemet/c0805c471j1gactu/","C0805C471J1GAC","","KEMET","SMD","","","X5R","100V",""
"C12","470pF","Capacitor_SMD:C_0805_2012Metric","~","0.09147","https://www.tme.eu/pl/details/c0805c471j1gac/kondensatory-mlcc-smd-0805/kemet/c0805c471j1gactu/","C0805C471J1GAC","","KEMET","SMD","","","X5R","100V",""
"C13","470pF","Capacitor_SMD:C_0805_2012Metric","~","0.09147","https://www.tme.eu/pl/details/c0805c471j1gac/kondensatory-mlcc-smd-0805/kemet/c0805c471j1gactu/","C0805C471J1GAC","","KEMET","SMD","","","X5R","100V",""
"J1","Motor Y","Connector_JST:JST_XH_B4B-XH-AM_1x04_P2.50mm_Vertical","~","0.81567","https://www.tme.eu/pl/details/b4b-xh-a/zlacza-sygnalowe-raster-2-50mm/jst/","B4B-XH-A","Gniazdo; przewód-płytka; męskie; XH; 2,5mm; PIN: 4; THT; 250V; 3A","JST","THT","","","","",""
"TP1","Z_OB2","TestPoint:TestPoint_Pad_D1.5mm","~"
"TP2","Z_OB1","TestPoint:TestPoint_Pad_D1.5mm","~"
"TP3","Z_OA2","TestPoint:TestPoint_Pad_D1.5mm","~"
"TP4","Z_OA1","TestPoint:TestPoint_Pad_D1.5mm","~"
"D7","SK25","Diode_SMD:D_SMB","~","0.2445","https://www.tme.eu/pl/details/sk25-dio/diody-schottky-smd/diotec-semiconductor/sk25/","SK25","Dioda: prostownicza Schottky; SMD; 50V; 2A; SMB","DIOTEC SEMICONDUCTOR","SMD","","","","",""
"D5","SK25","Diode_SMD:D_SMB","~","0.2445","https://www.tme.eu/pl/details/sk25-dio/diody-schottky-smd/diotec-semiconductor/sk25/","SK25","Dioda: prostownicza Schottky; SMD; 50V; 2A; SMB","DIOTEC SEMICONDUCTOR","SMD","","","","",""
"D3","SK25","Diode_SMD:D_SMB","~","0.2445","https://www.tme.eu/pl/details/sk25-dio/diody-schottky-smd/diotec-semiconductor/sk25/","SK25","Dioda: prostownicza Schottky; SMD; 50V; 2A; SMB","DIOTEC SEMICONDUCTOR","SMD","","","","",""
"D1","SK25","Diode_SMD:D_SMB","~","0.2445","https://www.tme.eu/pl/details/sk25-dio/diody-schottky-smd/diotec-semiconductor/sk25/","SK25","Dioda: prostownicza Schottky; SMD; 50V; 2A; SMB","DIOTEC SEMICONDUCTOR","SMD","","","","",""
"D2","SK25","Diode_SMD:D_SMB","~","0.2445","https://www.tme.eu/pl/details/sk25-dio/diody-schottky-smd/diotec-semiconductor/sk25/","SK25","Dioda: prostownicza Schottky; SMD; 50V; 2A; SMB","DIOTEC SEMICONDUCTOR","SMD","","","","",""
"D4","SK25","Diode_SMD:D_SMB","~","0.2445","https://www.tme.eu/pl/details/sk25-dio/diody-schottky-smd/diotec-semiconductor/sk25/","SK25","Dioda: prostownicza Schottky; SMD; 50V; 2A; SMB","DIOTEC SEMICONDUCTOR","SMD","","","","",""
"D6","SK25","Diode_SMD:D_SMB","~","0.2445","https://www.tme.eu/pl/details/sk25-dio/diody-schottky-smd/diotec-semiconductor/sk25/","SK25","Dioda: prostownicza Schottky; SMD; 50V; 2A; SMB","DIOTEC SEMICONDUCTOR","SMD","","","","",""
"D8","SK25","Diode_SMD:D_SMB","~","0.2445","https://www.tme.eu/pl/details/sk25-dio/diody-schottky-smd/diotec-semiconductor/sk25/","SK25","Dioda: prostownicza Schottky; SMD; 50V; 2A; SMB","DIOTEC SEMICONDUCTOR","SMD","","","","",""
"C1","330uF","Capacitor_THT:CP_Radial_D10.0mm_P5.00mm","~","0.6747","","ED1H331MNN1025","","Elite","THT","","20%","","50V",""
"C2","10uF","Capacitor_SMD:C_1210_3225Metric","~","1.45250","","CL32B106KBJNNNE","","SAMSUNG","SMD","","10%","X7R","50V",""
"C4","0.1uF","Capacitor_SMD:C_0603_1608Metric","~","0.05982","","CL10B104KB8NNNC ","","SAMSUNG","SMD","","10%","X7R","50V",""
"C3","1uF","Capacitor_SMD:C_0805_2012Metric","~","0.09","","CL21B105KBFNNNE","","SAMSUNG","SMD","","10%","X7R","50V",""
"C9","2.2uF","Capacitor_SMD:C_0603_1608Metric","~","0.08","https://www.tme.eu/pl/details/cl10a225kp8nnnc/kondensatory-mlcc-smd-0603/samsung/","CL10A225KP8NNNC","","SAMSUNG","SMD","","","X7R","6.3V",""
"R3","100kΩ","Resistor_SMD:R_0603_1608Metric","~","0.04651","","","","","SMD","","","","",""
"R2","1kΩ","Resistor_SMD:R_0603_1608Metric","~","0.04651","https://www.tme.eu/pl/details/smd0603-1k-1%25/rezystory-smd-0603/royal-ohm/0603saf1001t5e/","0603SAF1001T5E","Rezystor: thick film; SMD; 0603; 1kΩ; 0,1W; ±1%; -55÷155°C","ROYAL OHM","SMD","","1%","","",""
"R1","0Ω","Resistor_SMD:R_0805_2012Metric","~","0.04651","","","","","SMD","","1%","","",""
"U2","TMC2209-LA","footprints:TMC2209-LA","https://www.trinamic.com/fileadmin/assets/Products/ICs_Documents/TMC2209_Datasheet_V103.pdf","10.30","https://pl.farnell.com/trinamic/tmc2209-la-t/motor-driver-stepper-qfn-28/dp/3131535?st=TMC2209","TMC2209-LA-T","Sterownik/kontroler silnika krokowego, 4.75V do 29V, 2A/1 wyjście, QFN-28","TRINAMIC","SMD","","","","",""
"R8","100mΩ","Resistor_SMD:R_2010_5025Metric","~","0.76246","https://www.tme.eu/pl/details/cs2010-0r1-1%25-hp/rezystory-smd-2010/viking/cs10ftftr100/","CS10FTFTR100","Rezystor: thick film; pomiarowy; SMD; 2010; 100mΩ; 1W; ±1%","VIKING","SMD","1W","1%","","",""
"C21","22nF","Capacitor_SMD:C_0603_1608Metric","~","0.07284","https://www.tme.eu/pl/details/cc0603krx7r9223/kondensatory-mlcc-smd-0603/yageo/cc0603krx7r9bb223/","CC0603KRX7R9223","","YAGEO","SMD","","10%","X7R","50V",""
"R9","100mΩ","Resistor_SMD:R_2010_5025Metric","~","0.76246","https://www.tme.eu/pl/details/cs2010-0r1-1%25-hp/rezystory-smd-2010/viking/cs10ftftr100/","CS10FTFTR100","Rezystor: thick film; pomiarowy; SMD; 2010; 100mΩ; 1W; ±1%","VIKING","SMD","1W","1%","","",""
"C19","0.1uF","Capacitor_SMD:C_0603_1608Metric","~","0.05982","","CL10B104KB8NNNC ","","SAMSUNG","SMD","","10%","X7R","50V",""
"C20","0.1uF","Capacitor_SMD:C_0603_1608Metric","~","0.05982","","CL10B104KB8NNNC ","","SAMSUNG","SMD","","10%","X7R","50V",""
"C22","0.1uF","Capacitor_SMD:C_0603_1608Metric","~","0.05982","","CL10B104KB8NNNC ","","SAMSUNG","SMD","","10%","X7R","50V",""
"C24","0.1uF","Capacitor_SMD:C_0603_1608Metric","~","0.05982","","CL10B104KB8NNNC ","","SAMSUNG","SMD","","10%","X7R","50V",""
"FB5","60Ohm@100MHz","Inductor_SMD:L_0805_2012Metric","~","0.13674","https://www.tme.eu/pl/details/blm21pg600sn1d/ferryty-koraliki/murata/","BLM21PG600SN1D","Ferryt: koralik; Imp.@ 100MHz: 60Ω; Montaż: SMD; 3A; Obud: 0805","MURATA","SMD","","","","",""
"FB6","60Ohm@100MHz","Inductor_SMD:L_0805_2012Metric","~","0.13674","https://www.tme.eu/pl/details/blm21pg600sn1d/ferryty-koraliki/murata/","BLM21PG600SN1D","Ferryt: koralik; Imp.@ 100MHz: 60Ω; Montaż: SMD; 3A; Obud: 0805","MURATA","SMD","","","","",""
"FB7","60Ohm@100MHz","Inductor_SMD:L_0805_2012Metric","~","0.13674","https://www.tme.eu/pl/details/blm21pg600sn1d/ferryty-koraliki/murata/","BLM21PG600SN1D","Ferryt: koralik; Imp.@ 100MHz: 60Ω; Montaż: SMD; 3A; Obud: 0805","MURATA","SMD","","","","",""
"FB8","60Ohm@100MHz","Inductor_SMD:L_0805_2012Metric","~","0.13674","https://www.tme.eu/pl/details/blm21pg600sn1d/ferryty-koraliki/murata/","BLM21PG600SN1D","Ferryt: koralik; Imp.@ 100MHz: 60Ω; Montaż: SMD; 3A; Obud: 0805","MURATA","SMD","","","","",""
"C28","470pF","Capacitor_SMD:C_0805_2012Metric","~","0.09147","https://www.tme.eu/pl/details/c0805c471j1gac/kondensatory-mlcc-smd-0805/kemet/c0805c471j1gactu/","C0805C471J1GAC","","KEMET","SMD","","","X5R","100V",""
"C25","470pF","Capacitor_SMD:C_0805_2012Metric","~","0.09147","https://www.tme.eu/pl/details/c0805c471j1gac/kondensatory-mlcc-smd-0805/kemet/c0805c471j1gactu/","C0805C471J1GAC","","KEMET","SMD","","","X5R","100V",""
"C26","470pF","Capacitor_SMD:C_0805_2012Metric","~","0.09147","https://www.tme.eu/pl/details/c0805c471j1gac/kondensatory-mlcc-smd-0805/kemet/c0805c471j1gactu/","C0805C471J1GAC","","KEMET","SMD","","","X5R","100V",""
"C27","470pF","Capacitor_SMD:C_0805_2012Metric","~","0.09147","https://www.tme.eu/pl/details/c0805c471j1gac/kondensatory-mlcc-smd-0805/kemet/c0805c471j1gactu/","C0805C471J1GAC","","KEMET","SMD","","","X5R","100V",""
"J2","Motor Z","Connector_JST:JST_XH_B4B-XH-AM_1x04_P2.50mm_Vertical","~","0.81567","https://www.tme.eu/pl/details/b4b-xh-a/zlacza-sygnalowe-raster-2-50mm/jst/","B4B-XH-A","Gniazdo; przewód-płytka; męskie; XH; 2,5mm; PIN: 4; THT; 250V; 3A","JST","THT","","","","",""
"TP5","Z_OB2","TestPoint:TestPoint_Pad_D1.5mm","~"
"TP6","Z_OB1","TestPoint:TestPoint_Pad_D1.5mm","~"
"TP7","Z_OA2","TestPoint:TestPoint_Pad_D1.5mm","~"
"TP8","Z_OA1","TestPoint:TestPoint_Pad_D1.5mm","~"
"R6","1kΩ","Resistor_SMD:R_0603_1608Metric","~","0.04651","https://www.tme.eu/pl/details/smd0603-1k-1%25/rezystory-smd-0603/royal-ohm/0603saf1001t5e/","0603SAF1001T5E","Rezystor: thick film; SMD; 0603; 1kΩ; 0,1W; ±1%; -55÷155°C","ROYAL OHM","SMD","","1%","","",""
"D15","SK25","Diode_SMD:D_SMB","~","0.2445","https://www.tme.eu/pl/details/sk25-dio/diody-schottky-smd/diotec-semiconductor/sk25/","SK25","Dioda: prostownicza Schottky; SMD; 50V; 2A; SMB","DIOTEC SEMICONDUCTOR","SMD","","","","",""
"D13","SK25","Diode_SMD:D_SMB","~","0.2445","https://www.tme.eu/pl/details/sk25-dio/diody-schottky-smd/diotec-semiconductor/sk25/","SK25","Dioda: prostownicza Schottky; SMD; 50V; 2A; SMB","DIOTEC SEMICONDUCTOR","SMD","","","","",""
"D11","SK25","Diode_SMD:D_SMB","~","0.2445","https://www.tme.eu/pl/details/sk25-dio/diody-schottky-smd/diotec-semiconductor/sk25/","SK25","Dioda: prostownicza Schottky; SMD; 50V; 2A; SMB","DIOTEC SEMICONDUCTOR","SMD","","","","",""
"D9","SK25","Diode_SMD:D_SMB","~","0.2445","https://www.tme.eu/pl/details/sk25-dio/diody-schottky-smd/diotec-semiconductor/sk25/","SK25","Dioda: prostownicza Schottky; SMD; 50V; 2A; SMB","DIOTEC SEMICONDUCTOR","SMD","","","","",""
"D10","SK25","Diode_SMD:D_SMB","~","0.2445","https://www.tme.eu/pl/details/sk25-dio/diody-schottky-smd/diotec-semiconductor/sk25/","SK25","Dioda: prostownicza Schottky; SMD; 50V; 2A; SMB","DIOTEC SEMICONDUCTOR","SMD","","","","",""
"D12","SK25","Diode_SMD:D_SMB","~","0.2445","https://www.tme.eu/pl/details/sk25-dio/diody-schottky-smd/diotec-semiconductor/sk25/","SK25","Dioda: prostownicza Schottky; SMD; 50V; 2A; SMB","DIOTEC SEMICONDUCTOR","SMD","","","","",""
"D14","SK25","Diode_SMD:D_SMB","~","0.2445","https://www.tme.eu/pl/details/sk25-dio/diody-schottky-smd/diotec-semiconductor/sk25/","SK25","Dioda: prostownicza Schottky; SMD; 50V; 2A; SMB","DIOTEC SEMICONDUCTOR","SMD","","","","",""
"D16","SK25","Diode_SMD:D_SMB","~","0.2445","https://www.tme.eu/pl/details/sk25-dio/diody-schottky-smd/diotec-semiconductor/sk25/","SK25","Dioda: prostownicza Schottky; SMD; 50V; 2A; SMB","DIOTEC SEMICONDUCTOR","SMD","","","","",""
"C15","330uF","Capacitor_THT:CP_Radial_D10.0mm_P5.00mm","~","0.6747","","ED1H331MNN1025","","Elite","THT","","20%","","50V",""
"C16","10uF","Capacitor_SMD:C_1210_3225Metric","~","1.45250","","CL32B106KBJNNNE","","SAMSUNG","SMD","","10%","X7R","50V",""
"C18","0.1uF","Capacitor_SMD:C_0603_1608Metric","~","0.05982","","CL10B104KB8NNNC ","","SAMSUNG","SMD","","10%","X7R","50V",""
"C17","1uF","Capacitor_SMD:C_0805_2012Metric","~","0.09","","CL21B105KBFNNNE","","SAMSUNG","SMD","","10%","X7R","50V",""
"C23","2.2uF","Capacitor_SMD:C_0603_1608Metric","~","0.08","https://www.tme.eu/pl/details/cl10a225kp8nnnc/kondensatory-mlcc-smd-0603/samsung/","CL10A225KP8NNNC","","SAMSUNG","SMD","","","X7R","6.3V",""
"R7","100kΩ","Resistor_SMD:R_0603_1608Metric","~","0.04651","","","","","SMD","","","","",""
"Y1","8MHz","Crystal:Crystal_HC49-U_Vertical","~","1.6356","https://www.tme.eu/pl/details/8m-49s-sr/rezonatory-kwarcowe-tht/sr-passives/","8M-49S-SR","Rezonator: kwarcowy; 8MHz; ±30ppm; 20pF; THT; HC49-S","SR PASSIVES","THT","","","","",""
"C30","20pF","Capacitor_SMD:C_0603_1608Metric","~","0.14766","https://www.tme.eu/pl/details/c0603c200j5gac/kondensatory-mlcc-smd-0603/kemet/c0603c200j5gactu/","C0603C200J5GAC","","KEMET","SMD","","","","16V",""
"C29","20pF","Capacitor_SMD:C_0603_1608Metric","~","0.14766","https://www.tme.eu/pl/details/c0603c200j5gac/kondensatory-mlcc-smd-0603/kemet/c0603c200j5gactu/","C0603C200J5GAC","","KEMET","SMD","","","","16V",""
"C33","2.2uF","Capacitor_SMD:C_0603_1608Metric","~","0.08","https://www.tme.eu/pl/details/cl10a225kp8nnnc/kondensatory-mlcc-smd-0603/samsung/","CL10A225KP8NNNC","","SAMSUNG","SMD","","","","6.3V",""
"R15","0Ω","Resistor_SMD:R_0603_1608Metric","~","0.04651","","","","","SMD","","","","",""
"R14","10kΩ","Resistor_SMD:R_0603_1608Metric","~","0.03622","https://www.tme.eu/pl/details/smd0603-10k-1%25/rezystory-smd-0603/royal-ohm/0603saf1002t5e/","0603SAF1002T5E","Rezystor: thick film; SMD; 0603; 10kΩ; 0,1W; ±1%; -55÷155°C","ROYAL OHM","SMD","","","","",""
"R12","47RΩ","Resistor_SMD:R_0603_1608Metric","~","0.04651","","","","","SMD","","","","",""
"C32","2.2uF","Capacitor_SMD:C_0603_1608Metric","~","0.08","https://www.tme.eu/pl/details/cl10a225kp8nnnc/kondensatory-mlcc-smd-0603/samsung/","CL10A225KP8NNNC","","SAMSUNG","SMD","","","","6.3V",""
"C31","0.1uF","Capacitor_SMD:C_0603_1608Metric","~","0.05982","","CL10B104KB8NNNC ","","SAMSUNG","SMD","","10%","","50V",""
"C37","0.1uF","Capacitor_SMD:C_0603_1608Metric","~","0.05982","","CL10B104KB8NNNC ","","SAMSUNG","SMD","","10%","","50V",""
"C38","0.1uF","Capacitor_SMD:C_0603_1608Metric","~","0.05982","","CL10B104KB8NNNC ","","SAMSUNG","SMD","","10%","","50V",""
"C39","0.1uF","Capacitor_SMD:C_0603_1608Metric","~","0.05982","","CL10B104KB8NNNC ","","SAMSUNG","SMD","","10%","","50V",""
"C40","0.1uF","Capacitor_SMD:C_0603_1608Metric","~","0.05982","","CL10B104KB8NNNC ","","SAMSUNG","SMD","","10%","","50V",""
"C41","0.1uF","Capacitor_SMD:C_0603_1608Metric","~","0.05982","","CL10B104KB8NNNC ","","SAMSUNG","SMD","","10%","","50V",""
"C42","0.1uF","Capacitor_SMD:C_0603_1608Metric","~","0.05982","","CL10B104KB8NNNC ","","SAMSUNG","SMD","","10%","","50V",""
"C35","0.1uF","Capacitor_SMD:C_0603_1608Metric","~","0.05982","","CL10B104KB8NNNC ","","SAMSUNG","SMD","","10%","","50V",""
"R13","10kΩ","Resistor_SMD:R_0603_1608Metric","~","0.03622","https://www.tme.eu/pl/details/smd0603-10k-1%25/rezystory-smd-0603/royal-ohm/0603saf1002t5e/","0603SAF1002T5E","Rezystor: thick film; SMD; 0603; 10kΩ; 0,1W; ±1%; -55÷155°C","ROYAL OHM","SMD","","","","",""
"C34","0.1uF","Capacitor_SMD:C_0603_1608Metric","~","0.05982","","CL10B104KB8NNNC ","","SAMSUNG","SMD","","10%","","50V",""
"J3","USB_B","Connector_USB:USB_B_OST_USB-B1HSxx_Horizontal"," ~","2.9560","https://www.tme.eu/pl/details/2411-02/zlacza-usb-i-ieee1394/lumberg/2411-02/","2411 02","Gniazdo; USB B; na PCB; THT; PIN: 4; kątowe 90°; V: USB 2.0; biały","LUMBERG","THT","","","","",""
"U4","USBUF02W6","footprints:SOT323-6L","","1.0587","https://www.tme.eu/pl/details/usbuf02w6/filtry-uklady-scalone/stmicroelectronics/","USBUF02W6","Filtr: cyfrowy; line terminator; EMI,dolnoprzepustowy; SOT323-6L","STM","SMD","","","","",""
"U3","STM32F401VETx","Package_QFP:LQFP-100_14x14mm_P0.5mm","http://www.st.com/st-web-ui/static/active/en/resource/technical/document/datasheet/DM00102166.pdf","22.53","https://pl.farnell.com/stmicroelectronics/stm32f401vbt6/mcu-32bit-cortex-m4-84mhz-lqfp/dp/2393646?st=STM32F401VB","STM32F401VBT6","ARM MCU, linia Dynamic Efficiency, STM32 Family STM32F4 Series Microcontrollers, ARM Cortex-M4","STM","SMD","","","","",""
"J4","SWD","Connector_IDC:IDC-Header_2x03_P2.54mm_Vertical","~","1.5839","https://www.tme.eu/pl/details/t821-1-06-s1/zlacza-idc/amphenol/t821106a1s100ceu/","T821106A1S100CEU","Gniazdo; IDC; męskie; PIN: 6; proste; THT; złocony; 2,54mm; Układ: 2x3","AMPHENOL","THT","","","","",""
"J5","DEBUG","Connector_JST:JST_PH_B3B-PH-K_1x03_P2.00mm_Vertical","~","0.59599","https://www.tme.eu/pl/details/b3b-ph-k-s/zlacza-sygnalowe-raster-2-00mm/jst/","B3B-PH-K-S","Gniazdo; przewód-płytka; męskie; PH; 2mm; PIN: 3; THT; 100V; 2A","JST","THT","","","","",""
"R16","330Ω","Resistor_SMD:R_0603_1608Metric","~","0.04651","","","","","SMD","","","","",""
"FB10","1000@100MHz","Inductor_SMD:L_0805_2012Metric","~","0.2794","https://www.tme.eu/pl/details/blm21ag102sn1d/ferryty-koraliki/murata/","BLM21AG102SN1D","Ferryt: koralik; Imp.@ 100MHz: 1000Ω; Montaż: SMD; 0,5A; Obud: 0805","MURATA","SMD","","","","",""
"D17","OF-SMD2012G-1","Diode_SMD:D_0805_2012Metric","~","0.34","https://www.tme.eu/pl/details/of-smd2012g-1/diody-led-smd-kolorowe/optoflash/","OF-SMD2012G-1","LED; SMD; 0805; zielony; 600÷800mcd; 2x1,25x0,68mm; 120°; 2,8÷3,4V","OPTOFLASH","SMD","","","","",""
"R17","330Ω","Resistor_SMD:R_0603_1608Metric","~","0.04651","","","","","SMD","","","","",""
"Q1","BC817","Package_TO_SOT_SMD:SOT-23","http://www.fairchildsemi.com/ds/BC/BC817.pdf","0.1189","https://www.tme.eu/pl/details/bc817.215/tranzystory-npn-smd/nexperia/","BC817.215","Tranzystor: NPN; bipolarny; 45V; 0,5A; 250mW; SOT23","NEXPERIA","SMD","","","","",""
"R10","10kΩ","Resistor_SMD:R_0603_1608Metric","~","0.03622","https://www.tme.eu/pl/details/smd0603-10k-1%25/rezystory-smd-0603/royal-ohm/0603saf1002t5e/","0603SAF1002T5E","Rezystor: thick film; SMD; 0603; 10kΩ; 0,1W; ±1%; -55÷155°C","ROYAL OHM","SMD","","","","",""
"R11","10kΩ","Resistor_SMD:R_0603_1608Metric","~","0.03622","https://www.tme.eu/pl/details/smd0603-10k-1%25/rezystory-smd-0603/royal-ohm/0603saf1002t5e/","0603SAF1002T5E","Rezystor: thick film; SMD; 0603; 10kΩ; 0,1W; ±1%; -55÷155°C","ROYAL OHM","SMD","","","","",""
"C36","1uF","Capacitor_SMD:C_0603_1608Metric","~","0.09","","CL21B105KBFNNNE","","SAMSUNG","SMD","","10%","X7R","50V",""
"FB9","1000@100MHz","Inductor_SMD:L_0805_2012Metric","~","0.2794","https://www.tme.eu/pl/details/blm21ag102sn1d/ferryty-koraliki/murata/","BLM21AG102SN1D","Ferryt: koralik; Imp.@ 100MHz: 1000Ω; Montaż: SMD; 0,5A; Obud: 0805","MURATA","SMD","","","","",""
"J9","LIMIT Y FRONT","Connector_JST:JST_PH_B2B-PH-K_1x02_P2.00mm_Vertical","~","0.47429","https://www.tme.eu/pl/details/b2b-ph-k-s/zlacza-sygnalowe-raster-2-00mm/jst/","B2B-PH-K-S","Gniazdo; przewód-płytka; męskie; PH; 2mm; PIN: 2; THT; 100V; 2A","JST","THT","","","","",""
"J6","LIMIT Z UP","Connector_JST:JST_PH_B2B-PH-K_1x02_P2.00mm_Vertical","~","0.47429","https://www.tme.eu/pl/details/b2b-ph-k-s/zlacza-sygnalowe-raster-2-00mm/jst/","B2B-PH-K-S","Gniazdo; przewód-płytka; męskie; PH; 2mm; PIN: 2; THT; 100V; 2A","JST","THT","","","","",""
"J7","LIMIT Z DOWN","Connector_JST:JST_PH_B2B-PH-K_1x02_P2.00mm_Vertical","~","0.47429","https://www.tme.eu/pl/details/b2b-ph-k-s/zlacza-sygnalowe-raster-2-00mm/jst/","B2B-PH-K-S","Gniazdo; przewód-płytka; męskie; PH; 2mm; PIN: 2; THT; 100V; 2A","JST","THT","","","","",""
"J13","LED 1","Connector_JST:JST_PH_B3B-PH-K_1x03_P2.00mm_Vertical","~","0.59599","https://www.tme.eu/pl/details/b3b-ph-k-s/zlacza-sygnalowe-raster-2-00mm/jst/","B3B-PH-K-S","Gniazdo; przewód-płytka; męskie; PH; 2mm; PIN: 3; THT; 100V; 2A","JST","THT","","","","",""
"J14","LED 2","Connector_JST:JST_PH_B3B-PH-K_1x03_P2.00mm_Vertical","~","0.59599","https://www.tme.eu/pl/details/b3b-ph-k-s/zlacza-sygnalowe-raster-2-00mm/jst/","B3B-PH-K-S","Gniazdo; przewód-płytka; męskie; PH; 2mm; PIN: 3; THT; 100V; 2A","JST","THT","","","","",""
"U5","74HC245","Package_SO:TSSOP-20_4.4x6.5mm_P0.65mm","http://www.ti.com/lit/gpn/sn74HC245","0.9740","https://www.tme.eu/pl/details/74hc245pw.112/bufory-nadajniki-sterowniki/nexperia/","74HC245PW.112","IC: cyfrowy; bus transceiver; Kanały: 8; SMD; TSSOP20; Seria: HC","NEXPERIA","SMD","","","","",""
"J10","CA58SUB-B","footprints:THT_FPC_r1.0mm_11pin_vertical","~"
"J11","PC6 EPSON MAINBOARD","footprints:THT_FPC_r1.0mm_11pin_vertical","~"
"R28","NI","Resistor_SMD:R_0603_1608Metric","~","0.04651","","","","","SMD","","","","",""
"R26","0Ω","Resistor_SMD:R_0603_1608Metric","~","0.04651","","","","","SMD","","","","",""
"R27","0Ω","Resistor_SMD:R_0603_1608Metric","~","0.04651","","","","","SMD","","","","",""
"R33","4.7kΩ","Resistor_SMD:R_0603_1608Metric","~","0.04651","https://www.tme.eu/pl/details/smd0603-4k7-1%25/rezystory-smd-0603/royal-ohm/0603saf4701t5e/","SMD0603-4K7-1%","Rezystor: thick film; SMD; 0603; 4,7kΩ; 0,1W; ±1%; -55÷155°C","ROYAL OHM","SMD","","","","",""
"R34","10kΩ","Resistor_SMD:R_0603_1608Metric","~","0.03622","https://www.tme.eu/pl/details/smd0603-10k-1%25/rezystory-smd-0603/royal-ohm/0603saf1002t5e/","0603SAF1002T5E","Rezystor: thick film; SMD; 0603; 10kΩ; 0,1W; ±1%; -55÷155°C","ROYAL OHM","SMD","","","","",""
"Q2","BC817","Package_TO_SOT_SMD:SOT-23","http://www.fairchildsemi.com/ds/BC/BC817.pdf","0.1189","https://www.tme.eu/pl/details/bc817.215/tranzystory-npn-smd/nexperia/","BC817.215","Tranzystor: NPN; bipolarny; 45V; 0,5A; 250mW; SOT23","NEXPERIA","SMD","","","","",""
"J8","LIMIT Y BACK","Connector_JST:JST_PH_B2B-PH-K_1x02_P2.00mm_Vertical","~","0.47429","https://www.tme.eu/pl/details/b2b-ph-k-s/zlacza-sygnalowe-raster-2-00mm/jst/","B2B-PH-K-S","Gniazdo; przewód-płytka; męskie; PH; 2mm; PIN: 2; THT; 100V; 2A","JST","THT","","","","",""
"C47","1nF","Capacitor_SMD:C_0603_1608Metric","~","0.05563","https://www.tme.eu/pl/details/cl10b102kb8nnnc/kondensatory-mlcc-smd-0603/samsung/","CL10B102KB8NNNC","Kondensator: ceramiczny; MLCC; 1nF; 50V; X7R; ±10%; SMD; 0603","SAMSUNG","SMD","","","","",""
"R31","4.7kΩ","Resistor_SMD:R_0603_1608Metric","~","0.04651","https://www.tme.eu/pl/details/smd0603-4k7-1%25/rezystory-smd-0603/royal-ohm/0603saf4701t5e/","SMD0603-4K7-1%","Rezystor: thick film; SMD; 0603; 4,7kΩ; 0,1W; ±1%; -55÷155°C","ROYAL OHM","SMD","","","","",""
"R32","1kΩ","Resistor_SMD:R_0603_1608Metric","~","0.04651","https://www.tme.eu/pl/details/smd0603-1k-1%25/rezystory-smd-0603/royal-ohm/0603saf1001t5e/","0603SAF1001T5E","Rezystor: thick film; SMD; 0603; 1kΩ; 0,1W; ±1%; -55÷155°C","ROYAL OHM","SMD","","","","",""
"J12","WASTE INK","Connector_JST:JST_PH_B2B-PH-K_1x02_P2.00mm_Vertical","~","0.47429","https://www.tme.eu/pl/details/b2b-ph-k-s/zlacza-sygnalowe-raster-2-00mm/jst/","B2B-PH-K-S","Gniazdo; przewód-płytka; męskie; PH; 2mm; PIN: 2; THT; 100V; 2A","JST","THT","","","","",""
"C45","1nF","Capacitor_SMD:C_0603_1608Metric","~","0.05563","https://www.tme.eu/pl/details/cl10b102kb8nnnc/kondensatory-mlcc-smd-0603/samsung/","CL10B102KB8NNNC","Kondensator: ceramiczny; MLCC; 1nF; 50V; X7R; ±10%; SMD; 0603","SAMSUNG","SMD","","","","",""
"R20","4.7kΩ","Resistor_SMD:R_0603_1608Metric","~","0.04651","https://www.tme.eu/pl/details/smd0603-4k7-1%25/rezystory-smd-0603/royal-ohm/0603saf4701t5e/","SMD0603-4K7-1%","Rezystor: thick film; SMD; 0603; 4,7kΩ; 0,1W; ±1%; -55÷155°C","ROYAL OHM","SMD","","","","",""
"R24","1kΩ","Resistor_SMD:R_0603_1608Metric","~","0.04651","https://www.tme.eu/pl/details/smd0603-1k-1%25/rezystory-smd-0603/royal-ohm/0603saf1001t5e/","0603SAF1001T5E","Rezystor: thick film; SMD; 0603; 1kΩ; 0,1W; ±1%; -55÷155°C","ROYAL OHM","SMD","","","","",""
"C46","1nF","Capacitor_SMD:C_0603_1608Metric","~","0.05563","https://www.tme.eu/pl/details/cl10b102kb8nnnc/kondensatory-mlcc-smd-0603/samsung/","CL10B102KB8NNNC","Kondensator: ceramiczny; MLCC; 1nF; 50V; X7R; ±10%; SMD; 0603","SAMSUNG","SMD","","","","",""
"R21","4.7kΩ","Resistor_SMD:R_0603_1608Metric","~","0.04651","https://www.tme.eu/pl/details/smd0603-4k7-1%25/rezystory-smd-0603/royal-ohm/0603saf4701t5e/","SMD0603-4K7-1%","Rezystor: thick film; SMD; 0603; 4,7kΩ; 0,1W; ±1%; -55÷155°C","ROYAL OHM","SMD","","","","",""
"R25","1kΩ","Resistor_SMD:R_0603_1608Metric","~","0.04651","https://www.tme.eu/pl/details/smd0603-1k-1%25/rezystory-smd-0603/royal-ohm/0603saf1001t5e/","0603SAF1001T5E","Rezystor: thick film; SMD; 0603; 1kΩ; 0,1W; ±1%; -55÷155°C","ROYAL OHM","SMD","","","","",""
"C43","1nF","Capacitor_SMD:C_0603_1608Metric","~","0.05563","https://www.tme.eu/pl/details/cl10b102kb8nnnc/kondensatory-mlcc-smd-0603/samsung/","CL10B102KB8NNNC","Kondensator: ceramiczny; MLCC; 1nF; 50V; X7R; ±10%; SMD; 0603","SAMSUNG","SMD","","","","",""
"R18","4.7kΩ","Resistor_SMD:R_0603_1608Metric","~","0.04651","https://www.tme.eu/pl/details/smd0603-4k7-1%25/rezystory-smd-0603/royal-ohm/0603saf4701t5e/","SMD0603-4K7-1%","Rezystor: thick film; SMD; 0603; 4,7kΩ; 0,1W; ±1%; -55÷155°C","ROYAL OHM","SMD","","","","",""
"R22","1kΩ","Resistor_SMD:R_0603_1608Metric","~","0.04651","https://www.tme.eu/pl/details/smd0603-1k-1%25/rezystory-smd-0603/royal-ohm/0603saf1001t5e/","0603SAF1001T5E","Rezystor: thick film; SMD; 0603; 1kΩ; 0,1W; ±1%; -55÷155°C","ROYAL OHM","SMD","","","","",""
"C44","1nF","Capacitor_SMD:C_0603_1608Metric","~","0.05563","https://www.tme.eu/pl/details/cl10b102kb8nnnc/kondensatory-mlcc-smd-0603/samsung/","CL10B102KB8NNNC","Kondensator: ceramiczny; MLCC; 1nF; 50V; X7R; ±10%; SMD; 0603","SAMSUNG","SMD","","","","",""
"R19","4.7kΩ","Resistor_SMD:R_0603_1608Metric","~","0.04651","https://www.tme.eu/pl/details/smd0603-4k7-1%25/rezystory-smd-0603/royal-ohm/0603saf4701t5e/","SMD0603-4K7-1%","Rezystor: thick film; SMD; 0603; 4,7kΩ; 0,1W; ±1%; -55÷155°C","ROYAL OHM","SMD","","","","",""
"R23","1kΩ","Resistor_SMD:R_0603_1608Metric","~","0.04651","https://www.tme.eu/pl/details/smd0603-1k-1%25/rezystory-smd-0603/royal-ohm/0603saf1001t5e/","0603SAF1001T5E","Rezystor: thick film; SMD; 0603; 1kΩ; 0,1W; ±1%; -55÷155°C","ROYAL OHM","SMD","","","","",""
"R35","4.7kΩ","Resistor_SMD:R_0603_1608Metric","~","0.04651","https://www.tme.eu/pl/details/smd0603-4k7-1%25/rezystory-smd-0603/royal-ohm/0603saf4701t5e/","SMD0603-4K7-1%","Rezystor: thick film; SMD; 0603; 4,7kΩ; 0,1W; ±1%; -55÷155°C","ROYAL OHM","SMD","","","","",""
"R36","1kΩ","Resistor_SMD:R_0603_1608Metric","~","0.04651","https://www.tme.eu/pl/details/smd0603-1k-1%25/rezystory-smd-0603/royal-ohm/0603saf1001t5e/","0603SAF1001T5E","Rezystor: thick film; SMD; 0603; 1kΩ; 0,1W; ±1%; -55÷155°C","ROYAL OHM","SMD","","","","",""
"Q3","BC817","Package_TO_SOT_SMD:SOT-23","http://www.fairchildsemi.com/ds/BC/BC817.pdf","0.1189","https://www.tme.eu/pl/details/bc817.215/tranzystory-npn-smd/nexperia/","BC817.215","Tranzystor: NPN; bipolarny; 45V; 0,5A; 250mW; SOT23","NEXPERIA","SMD","","","","",""
"R29","1kΩ","Resistor_SMD:R_0603_1608Metric","~","0.04651","https://www.tme.eu/pl/details/smd0603-1k-1%25/rezystory-smd-0603/royal-ohm/0603saf1001t5e/","0603SAF1001T5E","Rezystor: thick film; SMD; 0603; 1kΩ; 0,1W; ±1%; -55÷155°C","ROYAL OHM","SMD","","","","",""
"R30","1kΩ","Resistor_SMD:R_0603_1608Metric","~","0.04651","https://www.tme.eu/pl/details/smd0603-1k-1%25/rezystory-smd-0603/royal-ohm/0603saf1001t5e/","0603SAF1001T5E","Rezystor: thick film; SMD; 0603; 1kΩ; 0,1W; ±1%; -55÷155°C","ROYAL OHM","SMD","","","","",""
"J15","Y AXIS","Connector_JST:JST_PH_B3B-PH-K_1x03_P2.00mm_Vertical","~","0.59599","https://www.tme.eu/pl/details/b3b-ph-k-s/zlacza-sygnalowe-raster-2-00mm/jst/","B3B-PH-K-S","Gniazdo; przewód-płytka; męskie; PH; 2mm; PIN: 3; THT; 100V; 2A","JST","THT","","","","",""
"J16","Z AXIS","Connector_JST:JST_PH_B3B-PH-K_1x03_P2.00mm_Vertical","~","0.59599","https://www.tme.eu/pl/details/b3b-ph-k-s/zlacza-sygnalowe-raster-2-00mm/jst/","B3B-PH-K-S","Gniazdo; przewód-płytka; męskie; PH; 2mm; PIN: 3; THT; 100V; 2A","JST","THT","","","","",""
"RN1","330Ω","Resistor_SMD:R_Array_Convex_4x0603","~","0.04823","https://www.tme.eu/pl/details/dr1206-330r-4_8/drabinki-rezystorowe-smd/royal-ohm/4d03wgj0331t/","4D03WGJ0331T","Drabinka rezystorowa: Y; 330Ω; SMD; 1206; Il.rezystorów: 4; 63mW","ROYAL OHM","SMD","","","","",""
"RN2","330Ω","Resistor_SMD:R_Array_Convex_4x0603","~","0.04823","https://www.tme.eu/pl/details/dr1206-330r-4_8/drabinki-rezystorowe-smd/royal-ohm/4d03wgj0331t/","4D03WGJ0331T","Drabinka rezystorowa: Y; 330Ω; SMD; 1206; Il.rezystorów: 4; 63mW","ROYAL OHM","SMD","","","","",""
"F2","SR050","Fuse:Fuse_0805_2012Metric","~","0.9060","https://www.tme.eu/pl/details/sr050-06/bezpieczniki-polimerowe-smd/ece/","SR050-06 ","Bezpiecznik: polimerowy PTC; 500mA; Obud: 0805","ECE","SMD","","","","",""
"F1","SR050","Fuse:Fuse_0805_2012Metric","~","0.9060","https://www.tme.eu/pl/details/sr050-06/bezpieczniki-polimerowe-smd/ece/","SR050-06 ","Bezpiecznik: polimerowy PTC; 500mA; Obud: 0805","ECE","SMD","","","","",""
"D18","1N4448WS-7-F","Diode_SMD:D_SOD-323","~","0.14905","https://www.tme.eu/pl/details/1n4448ws-7-f/diody-uniwersalne-smd/diodes-incorporated/","1N4448WS-7-F","Dioda: prostownicza; SMD; 75V; 0,25A; 4ns;","DIODES INCORPORATED","SMD","","","","",""
"C48","0.1uF","Capacitor_SMD:C_0603_1608Metric","~","0.05982","","CL10B104KB8NNNC ","","SAMSUNG","SMD","","10%","X7R","50V",""
"U6","A4403","Package_DFN_QFN:QFN-16-1EP_4x4mm_P0.65mm_EP2.7x2.7mm","https://www.allegromicro.com/~/media/Files/Datasheets/A4403-Datasheet.ashx","6.66","https://www.tme.eu/pl/details/a4403geutr-t/regulatory-napiecia-uklady-dc-dc/allegro-microsystems/","A4403GEUTR-T","PMIC; przetwornica DC/DC; Upracy: 9÷46V; Uwyj: 46V; QFN16; buck","ALLEGRO","SMD","","","","",""
"R42","47Ω","Resistor_SMD:R_0603_1608Metric","~","0.04651","","","","","SMD","","","","",""
"C52","22nF","Capacitor_SMD:C_0603_1608Metric","~","0.07284","https://www.tme.eu/pl/details/cc0603krx7r9223/kondensatory-mlcc-smd-0603/yageo/cc0603krx7r9bb223/","CC0603KRX7R9223","","YAGEO","SMD","","10%","X7R","50V",""
"C53","1nF","Capacitor_SMD:C_0603_1608Metric","~","0.05563","https://www.tme.eu/pl/details/cl10b102kb8nnnc/kondensatory-mlcc-smd-0603/samsung/","CL10B102KB8NNNC","Kondensator: ceramiczny; MLCC; 1nF; 50V; X7R; ±10%; SMD; 0603","SAMSUNG","SMD","","","X7R","16V",""
"D25","SK35SMA","Diode_SMD:D_SMA","~","0.3496","https://www.tme.eu/pl/details/sk35sma-dio/diody-schottky-smd/diotec-semiconductor/sk35sma/","SK35SMA","Dioda: prostownicza Schottky; SMD; 50V; 3A; SMA","DIODES INCORPORATED","SMD","","","","",""
"L2","DJNR6045-6R8","footprints:L_6.2x6.2_H4.5","~","0.7018","https://www.tme.eu/pl/details/djnr6045-6r8/dlawiki-smd-mocy/ferrocore/","DJNR6045-6R8","Dławik: drutowy; SMD; 6,8uH; Ipracy: 3,5A; 49,4mΩ; 6x5,9x4,5mm; ±20%","FERROCORE","SMD","","","","","6.8uH"
"R44","100mΩ","Resistor_SMD:R_1206_3216Metric","~","0.33547","https://www.tme.eu/pl/details/smd1206-r10-lo/rezystory-smd-1206/te-connectivity/6-1622825-5/","6-1622825-5","Rezystor: metal glaze; SMD; 1206; 100mΩ; 0,25W; ±5%; 200ppm/°C","TE Connectivity","SMD","","","","",""
"C55","10uF","Capacitor_SMD:C_1206_3216Metric","~","0.26552","","CL31B106KAHNNNE","","SAMSUNG","SMD","","10%","X7R","16V",""
"C57","10uF","Capacitor_SMD:C_1206_3216Metric","~","0.26552","","CL31B106KAHNNNE","","SAMSUNG","SMD","","10%","X7R","16V",""
"R47","3.92kΩ","Resistor_SMD:R_0603_1608Metric","~","0.05158","https://www.tme.eu/pl/details/smd0603-3.92k-1%25/rezystory-smd-0603/royal-ohm/0603saf3921t5e/","0603SAF3921T5E","Rezystor: thick film; SMD; 0603; 3,92kΩ; 0,1W; ±1%; -55÷155°C","ROYAL OHM","SMD","","0.1%","","",""
"C59","10nF","Capacitor_SMD:C_0603_1608Metric","~","","","","","","SMD","","","X7R","16V",""
"R48","750Ω","Resistor_SMD:R_0603_1608Metric","~","0.04651","","","","","SMD","","0.1%","","",""
"C51","47nF","Capacitor_SMD:C_0603_1608Metric","~","","","","","","SMD","","","X7R","50V",""
"R41","100kΩ","Resistor_SMD:R_0603_1608Metric","~","0.04651","","","","","SMD","","","","",""
"C49","2.2uF","Capacitor_SMD:C_1206_3216Metric","~","0.68179","https://www.tme.eu/pl/details/cl31b225kbhnnne/kondensatory-mlcc-smd-1206/samsung/","CL31B225KBHNNNE","","SAMSUNG","SMD","","","X7R","50V",""
"U7","MCP16301","Package_TO_SOT_SMD:SOT-23-6","http://ww1.microchip.com/downloads/en/DeviceDoc/20005004D.pdf","3.82","https://www.tme.eu/pl/details/mcp16301t-i_chy/regulatory-napiecia-uklady-dc-dc/microchip-technology/","MCP16301T-I/CHY","PMIC; przetwornica DC/DC; Upracy: 4÷30V; Uwyj: 2÷15V; SOT23-6; buck","MICROCHIP","SMD","","","","",""
"C50","2.2uF","Capacitor_SMD:C_1206_3216Metric","~","0.68179","https://www.tme.eu/pl/details/cl31b225kbhnnne/kondensatory-mlcc-smd-1206/samsung/","CL31B225KBHNNNE","","SAMSUNG","SMD","","","X7R","50V",""
"L1","DJNR6045-150","footprints:L_6.2x6.2_H4.5","~","0.7018","https://www.tme.eu/pl/details/djnr6045-150/dlawiki-smd-mocy/ferrocore/","DJNR6045-150","Dławik: drutowy; SMD; 15uH; Ipracy: 2,3A; 100,1mΩ; 6x5,9x4,5mm; ±20%","FERROCORE","SMD","","","","","15uH"
"R45","31.2kΩ","Resistor_SMD:R_0603_1608Metric","~","0.02","https://pl.farnell.com/multicomp/mcwr06x3162ftl/res-31k6-1-0-1w-thick-film/dp/2447337RL","MCWR06X3162FTL","Rezystor SMD, grubowarstwowy, 0603 [jedn. metryczne: 1608], 31.6 kohm, Seria MCWR, 75 V","MULTICOMP PRO","SMD","","0.1%","","",""
"R46","10kΩ","Resistor_SMD:R_0603_1608Metric","~","0.03622","https://www.tme.eu/pl/details/smd0603-10k-1%25/rezystory-smd-0603/royal-ohm/0603saf1002t5e/","0603SAF1002T5E","Rezystor: thick film; SMD; 0603; 10kΩ; 0,1W; ±1%; -55÷155°C","ROYAL OHM","SMD","","0.1%","","",""
"C54","0.1uF","Capacitor_SMD:C_0603_1608Metric","~","0.05982","","CL10B104KB8NNNC ","","SAMSUNG","SMD","","10%","X7R","50V",""
"D24","B140-13-F","Diode_SMD:D_SMA","~","0.2938","https://www.tme.eu/pl/details/b140-13-f/diody-schottky-smd/diodes-incorporated/","B140-13-F","Dioda: prostownicza Schottky; SMD; 40V; 1A; SMA","DIODES INCORPORATED","SMD","","","","",""
"D26","1N4448WS-7-F","Diode_SMD:D_SOD-323","~","0.14905","https://www.tme.eu/pl/details/1n4448ws-7-f/diody-uniwersalne-smd/diodes-incorporated/","1N4448WS-7-F","Dioda: prostownicza; SMD; 75V; 0,25A; 4ns;","DIODES INCORPORATED","SMD","","","","",""
"C56","10uF","Capacitor_SMD:C_1206_3216Metric","~","0.26552","","CL31B106KAHNNNE","","SAMSUNG","SMD","","10%","X7R","16V",""
"C58","10uF","Capacitor_SMD:C_1206_3216Metric","~","0.26552","","CL31B106KAHNNNE","","SAMSUNG","SMD","","10%","X7R","16V",""
"R43","100mΩ","Resistor_SMD:R_1206_3216Metric","~","0.33547","https://www.tme.eu/pl/details/smd1206-r10-lo/rezystory-smd-1206/te-connectivity/6-1622825-5/","6-1622825-5","Rezystor: metal glaze; SMD; 1206; 100mΩ; 0,25W; ±5%; 200ppm/°C","TE Connectivity","SMD","","","","",""
"J17","Power Input","Connector_JST:JST_XH_B2B-XH-AM_1x02_P2.50mm_Vertical","~","0.49272","https://www.tme.eu/pl/details/b2b-xh-a/zlacza-sygnalowe-raster-2-50mm/jst/","B2B-XH-A","Gniazdo; przewód-płytka; męskie; XH; 2,5mm; PIN: 2; THT; 250V; 3A","JST","THT","","","","",""
"Q4","YJS9435A","Package_SO:SOP-8_3.9x4.9mm_P1.27mm","http://www.irf.com/product-info/datasheets/data/irf7606pbf.pdf","0.29736","https://www.tme.eu/pl/details/yjs9435a-yan/tranzystory-z-kanalem-p-smd/yangjie-technology/yjs9435a/","YJS9435A","Tranzystor: P-MOSFET; TRENCH POWER LV; unipolarny; -30V; -4,1A","YANGJIE TECHNOLOGY","SMD","","","","",""
"D22","MMSZ5240B-7-F","Diode_SMD:D_SOD-123","~","0.10646","https://www.tme.eu/pl/details/mmsz5240b-7-f/diody-zenera-smd/diodes-incorporated/","MMSZ5240B-7-F","Dioda: Zenera; 0,37/0,5W; 10V; SMD; rolka,taśma; SOD123","DIODES INCORPORATED","SMD","","","","",""
"R39","100kΩ","Resistor_SMD:R_0603_1608Metric","~","0.04651","","","","","SMD","","","","",""
"D20","P4SMA30CA","Diode_SMD:D_SMA","~","0.60763","https://www.tme.eu/pl/details/p4sma30ca-yan/diody-transil-smd-dwukierunkowe/yangjie-technology/p4sma30ca/","P4SMA30CA","Dioda: transil; 400W; 30V; 9,6A; dwukierunkowa; ±5%","YANGJIE TECHNOLOGY","SMD","","","","",""
"F3","0ZCF0185FF2C","Fuse:Fuse_2920_7451Metric","~","0.8689","https://www.tme.eu/pl/details/0zcf0185ff2c/bezpieczniki-polimerowe-smd/bel-fuse/","0ZCF0185FF2C","Bezpiecznik: polimerowy PTC; 1,85A; Imax: 100A; Obud: 2920; 0ZCF","BEL FUSE","SMD","","","","",""
"R38","330Ω","Resistor_SMD:R_0603_1608Metric","~","0.04651","","","","","SMD","","","","",""
"D23","OF-SMD2012G-1","Diode_SMD:D_0805_2012Metric","~","0.34","https://www.tme.eu/pl/details/of-smd2012g-1/diody-led-smd-kolorowe/optoflash/","OF-SMD2012G-1","LED; SMD; 0805; zielony; 600÷800mcd; 2x1,25x0,68mm; 120°; 2,8÷3,4V","OPTOFLASH","SMD","","","","",""
"R40","1kΩ","Resistor_SMD:R_0603_1608Metric","~","0.04651","https://www.tme.eu/pl/details/smd0603-1k-1%25/rezystory-smd-0603/royal-ohm/0603saf1001t5e/","0603SAF1001T5E","Rezystor: thick film; SMD; 0603; 1kΩ; 0,1W; ±1%; -55÷155°C","ROYAL OHM","SMD","","","","",""
"D19","OF-SMD2012G-1","Diode_SMD:D_0805_2012Metric","~","0.34","https://www.tme.eu/pl/details/of-smd2012g-1/diody-led-smd-kolorowe/optoflash/","OF-SMD2012G-1","LED; SMD; 0805; zielony; 600÷800mcd; 2x1,25x0,68mm; 120°; 2,8÷3,4V","OPTOFLASH","SMD","","","","",""
"R37","10kΩ","Resistor_SMD:R_0805_2012Metric","~","0.04651","","","","","SMD","","","","",""
"D21","OF-SMD2012G-1","Diode_SMD:D_0805_2012Metric","~","0.34","https://www.tme.eu/pl/details/of-smd2012g-1/diody-led-smd-kolorowe/optoflash/","OF-SMD2012G-1","LED; SMD; 0805; zielony; 600÷800mcd; 2x1,25x0,68mm; 120°; 2,8÷3,4V","OPTOFLASH","SMD","","","","",""
"J18","TABLE SENSOR","Connector_JST:JST_PH_B3B-PH-K_1x03_P2.00mm_Vertical","~","0.59599","https://www.tme.eu/pl/details/b3b-ph-k-s/zlacza-sygnalowe-raster-2-00mm/jst/","B3B-PH-K-S","Gniazdo; przewód-płytka; męskie; PH; 2mm; PIN: 3; THT; 100V; 2A","JST","THT","","","","",""
"F4","SN010-60 ","Fuse:Fuse_1206_3216Metric","~","0.3763","https://www.tme.eu/pl/details/sn010-60/bezpieczniki-polimerowe-smd/ece/","SN010-60","Bezpiecznik: polimerowy PTC; 100mA; Obud: 1206","ECE","SMD","","","","",""
"R49","10kΩ","Resistor_SMD:R_0603_1608Metric","~","0.03622","https://www.tme.eu/pl/details/smd0603-10k-1%25/rezystory-smd-0603/royal-ohm/0603saf1002t5e/","0603SAF1002T5E","Rezystor: thick film; SMD; 0603; 10kΩ; 0,1W; ±1%; -55÷155°C","ROYAL OHM","SMD","","","","",""
"Q5","BC817","Package_TO_SOT_SMD:SOT-23","http://www.fairchildsemi.com/ds/BC/BC817.pdf","0.1189","https://www.tme.eu/pl/details/bc817.215/tranzystory-npn-smd/nexperia/","BC817.215","Tranzystor: NPN; bipolarny; 45V; 0,5A; 250mW; SOT23","NEXPERIA","SMD","","","","",""
"R51","33kΩ","Resistor_SMD:R_0603_1608Metric","~","0.04651","","","","","SMD","","","","",""
"D27","1N4448WS-7-F","Diode_SMD:D_SOD-323","~","0.14905","https://www.tme.eu/pl/details/1n4448ws-7-f/diody-uniwersalne-smd/diodes-incorporated/","1N4448WS-7-F","Dioda: prostownicza; SMD; 75V; 0,25A; 4ns;","DIODES INCORPORATED","SMD","","","","",""
"R53","10kΩ","Resistor_SMD:R_0603_1608Metric","~","0.03622","https://www.tme.eu/pl/details/smd0603-10k-1%25/rezystory-smd-0603/royal-ohm/0603saf1002t5e/","0603SAF1002T5E","Rezystor: thick film; SMD; 0603; 10kΩ; 0,1W; ±1%; -55÷155°C","ROYAL OHM","SMD","","","","",""
"C60","1nF","Capacitor_SMD:C_0603_1608Metric","~","0.05563","https://www.tme.eu/pl/details/cl10b102kb8nnnc/kondensatory-mlcc-smd-0603/samsung/","CL10B102KB8NNNC","Kondensator: ceramiczny; MLCC; 1nF; 50V; X7R; ±10%; SMD; 0603","SAMSUNG","SMD","","","","",""
"J20","PHOTO SENSOR RECEIVER","Connector_JST:JST_PH_B3B-PH-K_1x03_P2.00mm_Vertical","~","0.59599","https://www.tme.eu/pl/details/b3b-ph-k-s/zlacza-sygnalowe-raster-2-00mm/jst/","B3B-PH-K-S","Gniazdo; przewód-płytka; męskie; PH; 2mm; PIN: 3; THT; 100V; 2A","JST","THT","","","","",""
"F5","SN010-60 ","Fuse:Fuse_1206_3216Metric","~","0.3763","https://www.tme.eu/pl/details/sn010-60/bezpieczniki-polimerowe-smd/ece/","SN010-60","Bezpiecznik: polimerowy PTC; 100mA; Obud: 1206","ECE","SMD","","","","",""
"R50","10kΩ","Resistor_SMD:R_0603_1608Metric","~","0.03622","https://www.tme.eu/pl/details/smd0603-10k-1%25/rezystory-smd-0603/royal-ohm/0603saf1002t5e/","0603SAF1002T5E","Rezystor: thick film; SMD; 0603; 10kΩ; 0,1W; ±1%; -55÷155°C","ROYAL OHM","SMD","","","","",""
"Q6","BC817","Package_TO_SOT_SMD:SOT-23","http://www.fairchildsemi.com/ds/BC/BC817.pdf","0.1189","https://www.tme.eu/pl/details/bc817.215/tranzystory-npn-smd/nexperia/","BC817.215","Tranzystor: NPN; bipolarny; 45V; 0,5A; 250mW; SOT23","NEXPERIA","SMD","","","","",""
"R52","33kΩ","Resistor_SMD:R_0603_1608Metric","~","0.04651","","","","","SMD","","","","",""
"D28","1N4448WS-7-F","Diode_SMD:D_SOD-323","~","0.14905","https://www.tme.eu/pl/details/1n4448ws-7-f/diody-uniwersalne-smd/diodes-incorporated/","1N4448WS-7-F","Dioda: prostownicza; SMD; 75V; 0,25A; 4ns;","DIODES INCORPORATED","SMD","","","","",""
"R54","10kΩ","Resistor_SMD:R_0603_1608Metric","~","0.03622","https://www.tme.eu/pl/details/smd0603-10k-1%25/rezystory-smd-0603/royal-ohm/0603saf1002t5e/","0603SAF1002T5E","Rezystor: thick film; SMD; 0603; 10kΩ; 0,1W; ±1%; -55÷155°C","ROYAL OHM","SMD","","","","",""
"C61","1nF","Capacitor_SMD:C_0603_1608Metric","~","0.05563","https://www.tme.eu/pl/details/cl10b102kb8nnnc/kondensatory-mlcc-smd-0603/samsung/","CL10B102KB8NNNC","Kondensator: ceramiczny; MLCC; 1nF; 50V; X7R; ±10%; SMD; 0603","SAMSUNG","SMD","","","","",""
"J19","PHOTO SENSOR EMITER","Connector_JST:JST_PH_B2B-PH-K_1x02_P2.00mm_Vertical","~","0.47429","https://www.tme.eu/pl/details/b2b-ph-k-s/zlacza-sygnalowe-raster-2-00mm/jst/","B2B-PH-K-S","Gniazdo; przewód-płytka; męskie; PH; 2mm; PIN: 2; THT; 100V; 2A","JST","THT","","","","",""
"J22","EPSON POWER IN","Connector_JST:JST_PH_B3B-PH-K_1x03_P2.00mm_Vertical","~","0.59599","https://www.tme.eu/pl/details/b3b-ph-k-s/zlacza-sygnalowe-raster-2-00mm/jst/","B3B-PH-K-S","Gniazdo; przewód-płytka; męskie; PH; 2mm; PIN: 3; THT; 100V; 2A","JST","THT","","","","",""
"K1","S13-24V-2C","footprints:Relay_DPDT_Omron_G5V-2","https://www.tme.eu/Document/64152b8fe9c340a87eeb0f5deb8b7f91/s13-relay.pdf","4.46","https://www.tme.eu/pl/details/s13-24v-2c/przekazniki-elektromagn-miniaturowe/shori-electric/","S13-24V-2C","Przekaźnik: elektromagnetyczny; DPDT; Ucewki : 24VDC; 0,5A/125VAC","SHORI ELECTRIC","THT","","","","",""
"J23","EPSON BOARD POWER","Connector_JST:JST_PH_B3B-PH-K_1x03_P2.00mm_Vertical","~","0.59599","https://www.tme.eu/pl/details/b3b-ph-k-s/zlacza-sygnalowe-raster-2-00mm/jst/","B3B-PH-K-S","Gniazdo; przewód-płytka; męskie; PH; 2mm; PIN: 3; THT; 100V; 2A","JST","THT","","","","",""
"J21","EMERGENCY","Connector_JST:JST_PH_B2B-PH-K_1x02_P2.00mm_Vertical","~","0.47429","https://www.tme.eu/pl/details/b2b-ph-k-s/zlacza-sygnalowe-raster-2-00mm/jst/","B2B-PH-K-S","Gniazdo; przewód-płytka; męskie; PH; 2mm; PIN: 2; THT; 100V; 2A","JST","THT","","","","",""
"D29","1N4448WS-7-F","Diode_SMD:D_SOD-323","~","0.14905","https://www.tme.eu/pl/details/1n4448ws-7-f/diody-uniwersalne-smd/diodes-incorporated/","1N4448WS-7-F","Dioda: prostownicza; SMD; 75V; 0,25A; 4ns;","DIODES INCORPORATED","SMD","","","","",""
"R56","33kΩ","Resistor_SMD:R_0603_1608Metric","~","0.04651","","","","","SMD","","","","",""
"Q7","BC817","Package_TO_SOT_SMD:SOT-23","http://www.fairchildsemi.com/ds/BC/BC817.pdf","0.1189","https://www.tme.eu/pl/details/bc817.215/tranzystory-npn-smd/nexperia/","BC817.215","Tranzystor: NPN; bipolarny; 45V; 0,5A; 250mW; SOT23","NEXPERIA","SMD","","","","",""
"R57","1kΩ","Resistor_SMD:R_0603_1608Metric","~","0.04651","https://www.tme.eu/pl/details/smd0603-1k-1%25/rezystory-smd-0603/royal-ohm/0603saf1001t5e/","0603SAF1001T5E","Rezystor: thick film; SMD; 0603; 1kΩ; 0,1W; ±1%; -55÷155°C","ROYAL OHM","SMD","","","","",""
"D30","1N4448WS-7-F","Diode_SMD:D_SOD-323","~","0.14905","https://www.tme.eu/pl/details/1n4448ws-7-f/diody-uniwersalne-smd/diodes-incorporated/","1N4448WS-7-F","Dioda: prostownicza; SMD; 75V; 0,25A; 4ns;","DIODES INCORPORATED","SMD","","","","",""
"D31","1N4448WS-7-F","Diode_SMD:D_SOD-323","~","0.14905","https://www.tme.eu/pl/details/1n4448ws-7-f/diody-uniwersalne-smd/diodes-incorporated/","1N4448WS-7-F","Dioda: prostownicza; SMD; 75V; 0,25A; 4ns;","DIODES INCORPORATED","SMD","","","","",""
"R55","1kΩ","Resistor_SMD:R_0805_2012Metric","~","0.04651","","","","","SMD","","","","",""
"U8","74HC2G32","Package_SO:VSSOP-8_2.3x2mm_P0.5mm","","1.1252","https://www.tme.eu/pl/details/74hc2g32dc.125/bramki-inwertery/nexperia/","74HC2G32DC.125","IC: cyfrowy; OR; Kanały: 2; IN: 4; CMOS; SMD; VSSOP8; Seria: HC; 2÷6VDC","NEXPERIA","SMD","","","","",""
"R59","100kΩ","Resistor_SMD:R_0603_1608Metric","~","0.04651","","","","","SMD","","","","",""
"R58","100kΩ","Resistor_SMD:R_0603_1608Metric","~","0.04651","","","","","SMD","","","","",""
"F6","SN010-60 ","Fuse:Fuse_1206_3216Metric","~","0.3763","https://www.tme.eu/pl/details/sn010-60/bezpieczniki-polimerowe-smd/ece/","SN010-60","Bezpiecznik: polimerowy PTC; 100mA; Obud: 1206","ECE","SMD","","","","",""
"C62","1nF","Capacitor_SMD:C_0603_1608Metric","~","0.05563","https://www.tme.eu/pl/details/cl10b102kb8nnnc/kondensatory-mlcc-smd-0603/samsung/","CL10B102KB8NNNC","Kondensator: ceramiczny; MLCC; 1nF; 50V; X7R; ±10%; SMD; 0603","SAMSUNG","SMD","","","","",""
"J24","Display","Connector_JST:JST_PH_B10B-PH-K_1x10_P2.00mm_Vertical","~","1.33","https://pl.farnell.com/jst-japan-solderless-terminals/b10b-ph-k-s-lf-sn/header-tht-vertical-2mm-10way/dp/9491880?ost=B10B-PH-K-S&ddkey=https%3Apl-PL%2FElement14_Poland%2Fsearch","B10B-PH-K-S","Złącze przewód-płytka, pionowe, 2 mm, 10 styki/-ów, Header, Seria PH, Przewlekane, 1 rzędy/-ów","JST","THT","","","","",""
"RN3","330Ω","Resistor_SMD:R_Array_Convex_4x0603","~","0.04823","https://www.tme.eu/pl/details/dr1206-330r-4_8/drabinki-rezystorowe-smd/royal-ohm/4d03wgj0331t/","4D03WGJ0331T","Drabinka rezystorowa: Y; 330Ω; SMD; 1206; Il.rezystorów: 4; 63mW","ROYAL OHM","SMD","","","","",""
"RN4","330Ω","Resistor_SMD:R_Array_Convex_4x0603","~","0.04823","https://www.tme.eu/pl/details/dr1206-330r-4_8/drabinki-rezystorowe-smd/royal-ohm/4d03wgj0331t/","4D03WGJ0331T","Drabinka rezystorowa: Y; 330Ω; SMD; 1206; Il.rezystorów: 4; 63mW","ROYAL OHM","SMD","","","","",""
"U9","74HC245","Package_SO:TSSOP-20_4.4x6.5mm_P0.65mm","http://www.ti.com/lit/gpn/sn74HC245","0.9740","https://www.tme.eu/pl/details/74hc245pw.112/bufory-nadajniki-sterowniki/nexperia/","74HC245PW.112","IC: cyfrowy; bus transceiver; Kanały: 8; SMD; TSSOP20; Seria: HC","NEXPERIA","SMD","","","","",""
"J25","SPI Interface","Connector_JST:JST_PH_B5B-PH-K_1x05_P2.00mm_Vertical","~","0.90501","https://www.tme.eu/pl/details/b5b-ph-k-s/zlacza-sygnalowe-raster-2-00mm/jst/","B5B-PH-K-S","Gniazdo; przewód-płytka; męskie; PH; 2mm; PIN: 5; THT; 100V; 2A","JST","THT","","","","",""
"J26","I2C Interface","Connector_JST:JST_PH_B4B-PH-K_1x04_P2.00mm_Vertical","~","0.78136","https://www.tme.eu/pl/details/b4b-ph-k-s/zlacza-sygnalowe-raster-2-00mm/jst/","B4B-PH-K-S","Gniazdo; przewód-płytka; męskie; PH; 2mm; PIN: 4; THT; 100V; 2A","JST","THT","","","","",""
"J32","Key 2","Connector_JST:JST_PH_B2B-PH-K_1x02_P2.00mm_Vertical","~","0.47429","https://www.tme.eu/pl/details/b2b-ph-k-s/zlacza-sygnalowe-raster-2-00mm/jst/","B2B-PH-K-S","Gniazdo; przewód-płytka; męskie; PH; 2mm; PIN: 2; THT; 100V; 2A","JST","THT","","","","",""
"J29","Key 3","Connector_JST:JST_PH_B2B-PH-K_1x02_P2.00mm_Vertical","~","0.47429","https://www.tme.eu/pl/details/b2b-ph-k-s/zlacza-sygnalowe-raster-2-00mm/jst/","B2B-PH-K-S","Gniazdo; przewód-płytka; męskie; PH; 2mm; PIN: 2; THT; 100V; 2A","JST","THT","","","","",""
"J30","Key 4","Connector_JST:JST_PH_B2B-PH-K_1x02_P2.00mm_Vertical","~","0.47429","https://www.tme.eu/pl/details/b2b-ph-k-s/zlacza-sygnalowe-raster-2-00mm/jst/","B2B-PH-K-S","Gniazdo; przewód-płytka; męskie; PH; 2mm; PIN: 2; THT; 100V; 2A","JST","THT","","","","",""
"J31","Key 1","Connector_JST:JST_PH_B2B-PH-K_1x02_P2.00mm_Vertical","~","0.47429","https://www.tme.eu/pl/details/b2b-ph-k-s/zlacza-sygnalowe-raster-2-00mm/jst/","B2B-PH-K-S","Gniazdo; przewód-płytka; męskie; PH; 2mm; PIN: 2; THT; 100V; 2A","JST","THT","","","","",""
"C66","1nF","Capacitor_SMD:C_0603_1608Metric","~","0.05563","https://www.tme.eu/pl/details/cl10b102kb8nnnc/kondensatory-mlcc-smd-0603/samsung/","CL10B102KB8NNNC","Kondensator: ceramiczny; MLCC; 1nF; 50V; X7R; ±10%; SMD; 0603","SAMSUNG","SMD","","","","",""
"R66","4.7kΩ","Resistor_SMD:R_0603_1608Metric","~","0.04651","https://www.tme.eu/pl/details/smd0603-4k7-1%25/rezystory-smd-0603/royal-ohm/0603saf4701t5e/","SMD0603-4K7-1%","Rezystor: thick film; SMD; 0603; 4,7kΩ; 0,1W; ±1%; -55÷155°C","ROYAL OHM","SMD","","","","",""
"R70","1kΩ","Resistor_SMD:R_0603_1608Metric","~","0.04651","https://www.tme.eu/pl/details/smd0603-1k-1%25/rezystory-smd-0603/royal-ohm/0603saf1001t5e/","0603SAF1001T5E","Rezystor: thick film; SMD; 0603; 1kΩ; 0,1W; ±1%; -55÷155°C","ROYAL OHM","SMD","","","","",""
"C67","1nF","Capacitor_SMD:C_0603_1608Metric","~","0.05563","https://www.tme.eu/pl/details/cl10b102kb8nnnc/kondensatory-mlcc-smd-0603/samsung/","CL10B102KB8NNNC","Kondensator: ceramiczny; MLCC; 1nF; 50V; X7R; ±10%; SMD; 0603","SAMSUNG","SMD","","","","",""
"R67","4.7kΩ","Resistor_SMD:R_0603_1608Metric","~","0.04651","https://www.tme.eu/pl/details/smd0603-4k7-1%25/rezystory-smd-0603/royal-ohm/0603saf4701t5e/","SMD0603-4K7-1%","Rezystor: thick film; SMD; 0603; 4,7kΩ; 0,1W; ±1%; -55÷155°C","ROYAL OHM","SMD","","","","",""
"R71","1kΩ","Resistor_SMD:R_0603_1608Metric","~","0.04651","https://www.tme.eu/pl/details/smd0603-1k-1%25/rezystory-smd-0603/royal-ohm/0603saf1001t5e/","0603SAF1001T5E","Rezystor: thick film; SMD; 0603; 1kΩ; 0,1W; ±1%; -55÷155°C","ROYAL OHM","SMD","","","","",""
"C64","1nF","Capacitor_SMD:C_0603_1608Metric","~","0.05563","https://www.tme.eu/pl/details/cl10b102kb8nnnc/kondensatory-mlcc-smd-0603/samsung/","CL10B102KB8NNNC","Kondensator: ceramiczny; MLCC; 1nF; 50V; X7R; ±10%; SMD; 0603","SAMSUNG","SMD","","","","",""
"R64","4.7kΩ","Resistor_SMD:R_0603_1608Metric","~","0.04651","https://www.tme.eu/pl/details/smd0603-4k7-1%25/rezystory-smd-0603/royal-ohm/0603saf4701t5e/","SMD0603-4K7-1%","Rezystor: thick film; SMD; 0603; 4,7kΩ; 0,1W; ±1%; -55÷155°C","ROYAL OHM","SMD","","","","",""
"R68","1kΩ","Resistor_SMD:R_0603_1608Metric","~","0.04651","https://www.tme.eu/pl/details/smd0603-1k-1%25/rezystory-smd-0603/royal-ohm/0603saf1001t5e/","0603SAF1001T5E","Rezystor: thick film; SMD; 0603; 1kΩ; 0,1W; ±1%; -55÷155°C","ROYAL OHM","SMD","","","","",""
"C65","1nF","Capacitor_SMD:C_0603_1608Metric","~","0.05563","https://www.tme.eu/pl/details/cl10b102kb8nnnc/kondensatory-mlcc-smd-0603/samsung/","CL10B102KB8NNNC","Kondensator: ceramiczny; MLCC; 1nF; 50V; X7R; ±10%; SMD; 0603","SAMSUNG","SMD","","","","",""
"R65","4.7kΩ","Resistor_SMD:R_0603_1608Metric","~","0.04651","https://www.tme.eu/pl/details/smd0603-4k7-1%25/rezystory-smd-0603/royal-ohm/0603saf4701t5e/","SMD0603-4K7-1%","Rezystor: thick film; SMD; 0603; 4,7kΩ; 0,1W; ±1%; -55÷155°C","ROYAL OHM","SMD","","","","",""
"R69","1kΩ","Resistor_SMD:R_0603_1608Metric","~","0.04651","https://www.tme.eu/pl/details/smd0603-1k-1%25/rezystory-smd-0603/royal-ohm/0603saf1001t5e/","0603SAF1001T5E","Rezystor: thick film; SMD; 0603; 1kΩ; 0,1W; ±1%; -55÷155°C","ROYAL OHM","SMD","","","","",""
"R60","4.7kΩ","Resistor_SMD:R_0603_1608Metric","~","0.04651","https://www.tme.eu/pl/details/smd0603-4k7-1%25/rezystory-smd-0603/royal-ohm/0603saf4701t5e/","SMD0603-4K7-1%","Rezystor: thick film; SMD; 0603; 4,7kΩ; 0,1W; ±1%; -55÷155°C","ROYAL OHM","SMD","","","","",""
"Q8","BC817","Package_TO_SOT_SMD:SOT-23","http://www.fairchildsemi.com/ds/BC/BC817.pdf","0.1189","https://www.tme.eu/pl/details/bc817.215/tranzystory-npn-smd/nexperia/","BC817.215","Tranzystor: NPN; bipolarny; 45V; 0,5A; 250mW; SOT23","NEXPERIA","SMD","","","","",""
"J27","LED3","Connector_JST:JST_PH_B2B-PH-K_1x02_P2.00mm_Vertical","~","0.47429","https://www.tme.eu/pl/details/b2b-ph-k-s/zlacza-sygnalowe-raster-2-00mm/jst/","B2B-PH-K-S","Gniazdo; przewód-płytka; męskie; PH; 2mm; PIN: 2; THT; 100V; 2A","JST","THT","","","","",""
"R62","330Ω","Resistor_SMD:R_0603_1608Metric","~","0.04651","","","","","SMD","","","","",""
"R61","4.7kΩ","Resistor_SMD:R_0603_1608Metric","~","0.04651","https://www.tme.eu/pl/details/smd0603-4k7-1%25/rezystory-smd-0603/royal-ohm/0603saf4701t5e/","SMD0603-4K7-1%","Rezystor: thick film; SMD; 0603; 4,7kΩ; 0,1W; ±1%; -55÷155°C","ROYAL OHM","SMD","","","","",""
"Q9","BC817","Package_TO_SOT_SMD:SOT-23","http://www.fairchildsemi.com/ds/BC/BC817.pdf","0.1189","https://www.tme.eu/pl/details/bc817.215/tranzystory-npn-smd/nexperia/","BC817.215","Tranzystor: NPN; bipolarny; 45V; 0,5A; 250mW; SOT23","NEXPERIA","SMD","","","","",""
"J28","LED4","Connector_JST:JST_PH_B2B-PH-K_1x02_P2.00mm_Vertical","~","0.47429","https://www.tme.eu/pl/details/b2b-ph-k-s/zlacza-sygnalowe-raster-2-00mm/jst/","B2B-PH-K-S","Gniazdo; przewód-płytka; męskie; PH; 2mm; PIN: 2; THT; 100V; 2A","JST","THT","","","","",""
"R63","330Ω","Resistor_SMD:R_0603_1608Metric","~","0.04651","","","","","SMD","","","","",""
"F7","SR010","Fuse:Fuse_0805_2012Metric","~","0.6152","https://www.tme.eu/pl/details/sr010-15/bezpieczniki-polimerowe-smd/ece/","SR010-15","Bezpiecznik: polimerowy PTC; 100mA; Obud: 0805","ECE","SMD","","","","",""
"F8","SR050","Fuse:Fuse_0805_2012Metric","~","0.9060","https://www.tme.eu/pl/details/sr050-06/bezpieczniki-polimerowe-smd/ece/","SR050-06 ","Bezpiecznik: polimerowy PTC; 500mA; Obud: 0805","ECE","SMD","","","","",""
"F9","SR010","Fuse:Fuse_0805_2012Metric","~","0.6152","https://www.tme.eu/pl/details/sr010-15/bezpieczniki-polimerowe-smd/ece/","SR010-15","Bezpiecznik: polimerowy PTC; 100mA; Obud: 0805","ECE","SMD","","","","",""
"C63","0.1uF","Capacitor_SMD:C_0603_1608Metric","~","0.05982","","CL10B104KB8NNNC ","","SAMSUNG","SMD","","10%","X7R","50V",""
"U10","SHTC3","footprints:DFN-4-1EP_2x2mm_P1mm_EP0.7x1.6mm","","7.2","https://www.tme.eu/pl/details/shtc3/czujniki-wilgotnosci/sensirion/3-000-047/","SHTC3","Czujnik: temperatury i wilgotności; Zakres: 0÷100% RH; -0,3÷4VDC","SENSIRION","SMD","","","","",""
"C68","0.1uF","Capacitor_SMD:C_0603_1608Metric","~","0.05982","","CL10B104KB8NNNC ","","SAMSUNG","SMD","","10%","","50V",""
"R73","2.2kΩ","Resistor_SMD:R_0603_1608Metric","~","0.04651","","","","","SMD","","","","",""
"R72","2.2kΩ","Resistor_SMD:R_0603_1608Metric","~","0.04651","","","","","SMD","","","","",""
