Reference, Quantity, Value, Footprint, Datasheet, Cena, Link, Model, Opis, Producent, Typ, Moc, Tolerancja, Dielektryk, Napięcie, Induktancja
C14 C11 C12 C13 C28 C25 C26 C27 ,8,"470pF","Capacitor_SMD:C_0805_2012Metric","~","0.09147","https://www.tme.eu/pl/details/c0805c471j1gac/kondensatory-mlcc-smd-0805/kemet/c0805c471j1gactu/","C0805C471J1GAC","","KEMET","SMD","","","X5R","100V",""
C3 C2 C91 C90 C15 C1 ,6,"120uF","Capacitor_THT:CP_Radial_D8.0mm_P3.50mm","~","1.074","https://www.tme.eu/pl/details/eeufr1h121l/kondensatory-elektr-tht-niskoimpedan/panasonic/","EEUFR1H121L","Kondensator: elektrolityczny; niskoimpedancyjny; THT; 120uF; ±20% ","Panasonic","THT","","20%","","50V",""
C30 C29 ,2,"20pF","Capacitor_SMD:C_0603_1608Metric","~","0.14766","https://www.tme.eu/pl/details/c0603c200j5gac/kondensatory-mlcc-smd-0603/kemet/c0603c200j5gactu/","C0603C200J5GAC","","KEMET","SMD","","","","16V",""
C36 C93 ,2,"1uF","Capacitor_SMD:C_0603_1608Metric","~","0.09","","CL21B105KBFNNNE","","SAMSUNG","SMD","","10%","X7R","50V",""
C4 C87 C16 C92 ,4,"10uF","Capacitor_SMD:C_1210_3225Metric","~","1.45250","","CL32B106KBJNNNE","","SAMSUNG","SMD","","10%","X7R","50V",""
C5 C6 C8 C10 C89 C19 C20 C22 C24 C18 C31 C37 C38 C39 C40 C41 C42 C35 C34 C94 C47 C43 C44 C45 C46 C48 C61 C51 C69 C70 C68 C67 C75 C84 C77 C81 C82 C79 C80 C78 C83 C95 ,42,"0.1uF","Capacitor_SMD:C_0603_1608Metric","~","0.05982","","CL10B104KB8NNNC ","","SAMSUNG","SMD","","10%","X7R","50V",""
C54 C55 C50 C52 C53 C49 ,6,"2.2uF","Capacitor_SMD:C_1206_3216Metric","~","0.68179","https://www.tme.eu/pl/details/cl31b225kbhnnne/kondensatory-mlcc-smd-1206/samsung/","CL31B225KBHNNNE","","SAMSUNG","SMD","","","X7R","50V",""
C56 ,1,"47nF","Capacitor_SMD:C_0603_1608Metric","~","","","","","","SMD","","","X7R","50V",""
C60 ,1,"1nF","Capacitor_SMD:C_0603_1608Metric","~","0.05563","https://www.tme.eu/pl/details/cl10b102kb8nnnc/kondensatory-mlcc-smd-0603/samsung/","CL10B102KB8NNNC","Kondensator: ceramiczny; MLCC; 1nF; 50V; X7R; ±10%; SMD; 0603","SAMSUNG","SMD","","","X7R","16V",""
C62 C64 C63 C57 C58 C65 ,6,"10uF","Capacitor_SMD:C_1206_3216Metric","~","0.26552","","CL31B106KAHNNNE","","SAMSUNG","SMD","","10%","X7R","16V",""
C66 C86 C85 ,3,"0.01uF","Capacitor_SMD:C_0603_1608Metric","~","","","","","","SMD","","","X7R","16V",""
C7 C21 C59 ,3,"22nF","Capacitor_SMD:C_0603_1608Metric","~","0.07284","https://www.tme.eu/pl/details/cc0603krx7r9223/kondensatory-mlcc-smd-0603/yageo/cc0603krx7r9bb223/","CC0603KRX7R9223","","YAGEO","SMD","","10%","X7R","50V",""
C73 C71 C74 C72 ,4,"NI","Capacitor_SMD:C_0603_1608Metric","~","","","","","","SMD","","","","",""
C76 ,1,"NI","Capacitor_SMD:C_0805_2012Metric","~","","","","","","SMD","","","","",""
C88 C17 ,2,"1uF","Capacitor_SMD:C_0805_2012Metric","~","0.09","","CL21B105KBFNNNE","","SAMSUNG","SMD","","10%","X7R","50V",""
C9 C23 C33 C32 ,4,"2.2uF","Capacitor_SMD:C_0603_1608Metric","~","0.08","https://www.tme.eu/pl/details/cl10a225kp8nnnc/kondensatory-mlcc-smd-0603/samsung/","CL10A225KP8NNNC","","SAMSUNG","SMD","","","X7R","6.3V",""
D1 D4 D3 D2 D6 D5 D7 D10 D9 D8 D12 D11 D18 D38 D39 ,15,"SMAJ26CA","Diode_SMD:D_SMA","~","0.30","https://www.tme.eu/pl/details/smaj26ca-tr/diody-transil-smd-dwukierunkowe/stmicroelectronics/smaj26ca/","","Dioda: transil; 400W; 28,9V; 43A; dwukierunkowa; SMA","STM","SMD","","","","26V",""
D13 D16 ,2,"OF-SMD2012G-1","Diode_SMD:D_0805_2012Metric","~","0.34","https://www.tme.eu/pl/details/of-smd2012g-1/diody-led-smd-kolorowe/optoflash/","OF-SMD2012G-1","LED; SMD; 0805; zielony; 600÷800mcd; 2x1,25x0,68mm; 120°; 2,8÷3,4V","OPTOFLASH","SMD","","","","",""
D14 D15 D35 D36 D37 D45 D44 ,7,"SD05C.TCT","Diode_SMD:D_SOD-323","~","0.9302","https://www.tme.eu/pl/details/sd05c.tct/diody-transil-smd-dwukierunkowe/semtech/","SD05C.TCT","Dioda: transil; 350W; 6V; 24A; dwukierunkowa; SOD323","SEMTECH","SMD","","","","6V",""
D20 ,1,"MMSZ5240B-7-F","Diode_SMD:D_SOD-123","~","0.10646","https://www.tme.eu/pl/details/mmsz5240b-7-f/diody-zenera-smd/diodes-incorporated/","MMSZ5240B-7-F","Dioda: Zenera; 0,37/0,5W; 10V; SMD; rolka,taśma; SOD123","DIODES INCORPORATED","SMD","","","","",""
D24 ,1,"MMSZ5236BS-7-F","Diode_SMD:D_SOD-323","~","0.14862","https://www.tme.eu/pl/details/mmsz5236bs-7-f/diody-zenera-smd/diodes-incorporated/","MMSZ5236BS-7-F","Dioda: Zenera; 0,2W; 7,5V; SMD; rolka,taśma; SOD323","DIODES INCORPORATED","SMD","","","","7.5V",""
D25 D22 ,2,"B140-13-F","Diode_SMD:D_SMA","~","0.2938","https://www.tme.eu/pl/details/b140-13-f/diody-schottky-smd/diodes-incorporated/","B140-13-F","Dioda: prostownicza Schottky; SMD; 40V; 1A; SMA","DIODES INCORPORATED","SMD","","","","",""
D26 ,1,"SK35SMA","Diode_SMD:D_SMA","~","0.3496","https://www.tme.eu/pl/details/sk35sma-dio/diody-schottky-smd/diotec-semiconductor/sk35sma/","SK35SMA","Dioda: prostownicza Schottky; SMD; 50V; 3A; SMA","DIODES INCORPORATED","SMD","","","","",""
D27 D23 D29 D34 D28 D30 D31 D32 D33 ,9,"1N4448WS-7-F","Diode_SMD:D_SOD-323","~","0.14905","https://www.tme.eu/pl/details/1n4448ws-7-f/diody-uniwersalne-smd/diodes-incorporated/","1N4448WS-7-F","Dioda: prostownicza; SMD; 75V; 0,25A; 4ns;","DIODES INCORPORATED","SMD","","","","",""
D43 D42 D41 D40 ,4,"SKL32","Diode_SMD:D_SOD-123F","https://www.tme.eu/Document/3fec128db6c92ac99ae5603a4f8e4ad0/skl32.pdf","0.3028","https://www.tme.eu/pl/details/skl32-dio/diody-schottky-smd/diotec-semiconductor/skl32/","SKL32","Dioda: prostownicza Schottky; SMD; 20V; 3A; SOD123F","DIOTEC SEMICONDUCTOR","SMD","","","","20V",""
F1 ,1,"0ZCF0185FF2C","Fuse:Fuse_2920_7451Metric","~","0.8689","https://www.tme.eu/pl/details/0zcf0185ff2c/bezpieczniki-polimerowe-smd/bel-fuse/","0ZCF0185FF2C","Bezpiecznik: polimerowy PTC; 1,85A; Imax: 100A; Obud: 2920; 0ZCF","BEL FUSE","SMD","","","","",""
F2 F3 ,2,"0ZCJ0050AF2E","Fuse:Fuse_1206_3216Metric","~","0.6728","https://www.tme.eu/pl/details/0zcj0050af2e/bezpieczniki-polimerowe-smd/bel-fuse/","0ZCJ0050AF2E","Bezpiecznik: polimerowy PTC; 500mA; Imax: 100A; Obud: 1206; 0ZCJ","BEL FUSE","SMD","","","","",""
F4 ,1,"0ZCK0100FF2E","Fuse:Fuse_0805_2012Metric","~","1.04","https://www.tme.eu/pl/details/0zck0100ff2e/bezpieczniki-polimerowe-smd/bel-fuse/","0ZCK0100FF2E","Bezpiecznik: polimerowy PTC; 1A; Imax: 40A; Obud: 0805; 0ZCK","BEL FUSE","SMD","","","","",""
F5 F7 ,2,"SR050","Fuse:Fuse_0805_2012Metric","~","0.9060","https://www.tme.eu/pl/details/sr050-06/bezpieczniki-polimerowe-smd/ece/","SR050-06 ","Bezpiecznik: polimerowy PTC; 500mA; Obud: 0805","ECE","SMD","","","","",""
F6 ,1,"SN010-60 ","Fuse:Fuse_1206_3216Metric","~","0.3763","https://www.tme.eu/pl/details/sn010-60/bezpieczniki-polimerowe-smd/ece/","SN010-60","Bezpiecznik: polimerowy PTC; 100mA; Obud: 1206","ECE","SMD","","","","",""
FB1 FB2 FB3 FB4 FB5 FB6 FB7 FB8 ,8,"60Ohm@100MHz","Inductor_SMD:L_0805_2012Metric","~","0.13674","https://www.tme.eu/pl/details/blm21pg600sn1d/ferryty-koraliki/murata/","BLM21PG600SN1D","Ferryt: koralik; Imp.@ 100MHz: 60Ω; Montaż: SMD; 3A; Obud: 0805","MURATA","SMD","","","","",""
FB9 ,1,"600Ohm@100MHz","Inductor_SMD:L_0603_1608Metric","~","0.03481","https://www.tme.eu/pl/details/blm18tg601tn1d/ferryty-koraliki/murata/","BLM18TG601TN1D","Ferryt: koralik; Imp.@ 100MHz: 600Ω; Montaż: SMD; 0.2A; Obud: 0603","MURATA","SMD","","","","",""
FID1 FID2 FID3 FID4 FID5 FID6 ,6,"Fiducial","Fiducial:Fiducial_1mm_Mask2mm","~","0","","","","","","","","","",""
H1 H2 H3 H4 H5 H6 ,6,"MH","MountingHole:MountingHole_3.5mm_Pad_Via","~","0","","","","","","","","","",""
J1 ,1,"Motor Y","Connector_JST:JST_XH_B4B-XH-AM_1x04_P2.50mm_Vertical","~","0.81567","https://www.tme.eu/pl/details/b4b-xh-a/zlacza-sygnalowe-raster-2-50mm/jst/","B4B-XH-A","Gniazdo; przewód-płytka; męskie; XH; 2,5mm; PIN: 4; THT; 250V; 3A","JST","THT","","","","",""
J10 ,1,"CA58SUB-B","footprints:THT_FPC_r1.0mm_11pin_vertical","~"
J11 ,1,"PC6 EPSON MAINBOARD","footprints:THT_FPC_r1.0mm_11pin_vertical","~"
J12 ,1,"Y AXIS","Connector_JST:JST_PH_B3B-PH-K_1x03_P2.00mm_Vertical","~","0.59599","https://www.tme.eu/pl/details/b3b-ph-k-s/zlacza-sygnalowe-raster-2-00mm/jst/","B3B-PH-K-S","Gniazdo; przewód-płytka; męskie; PH; 2mm; PIN: 3; THT; 100V; 2A","JST","THT","","","","",""
J13 ,1,"Z AXIS","Connector_JST:JST_PH_B3B-PH-K_1x03_P2.00mm_Vertical","~","0.59599","https://www.tme.eu/pl/details/b3b-ph-k-s/zlacza-sygnalowe-raster-2-00mm/jst/","B3B-PH-K-S","Gniazdo; przewód-płytka; męskie; PH; 2mm; PIN: 3; THT; 100V; 2A","JST","THT","","","","",""
J14 ,1,"LED 1","Connector_JST:JST_PH_B3B-PH-K_1x03_P2.00mm_Vertical","~","0.59599","https://www.tme.eu/pl/details/b3b-ph-k-s/zlacza-sygnalowe-raster-2-00mm/jst/","B3B-PH-K-S","Gniazdo; przewód-płytka; męskie; PH; 2mm; PIN: 3; THT; 100V; 2A","JST","THT","","","","",""
J15 ,1,"LED 2","Connector_JST:JST_PH_B3B-PH-K_1x03_P2.00mm_Vertical","~","0.59599","https://www.tme.eu/pl/details/b3b-ph-k-s/zlacza-sygnalowe-raster-2-00mm/jst/","B3B-PH-K-S","Gniazdo; przewód-płytka; męskie; PH; 2mm; PIN: 3; THT; 100V; 2A","JST","THT","","","","",""
J16 ,1,"Power Input","Connector_JST:JST_XH_B2B-XH-AM_1x02_P2.50mm_Vertical","~","0.49272","https://www.tme.eu/pl/details/b2b-xh-a/zlacza-sygnalowe-raster-2-50mm/jst/","B2B-XH-A","Gniazdo; przewód-płytka; męskie; XH; 2,5mm; PIN: 2; THT; 250V; 3A","JST","THT","","","","",""
J17 ,1,"VS","Connector_JST:JST_PH_B2B-PH-K_1x02_P2.00mm_Vertical","~","0.47429","https://www.tme.eu/pl/details/b2b-ph-k-s/zlacza-sygnalowe-raster-2-00mm/jst/","B2B-PH-K-S","Gniazdo; przewód-płytka; męskie; PH; 2mm; PIN: 2; THT; 100V; 2A","JST","THT","","","","",""
J18 ,1,"12V","Connector_JST:JST_PH_B2B-PH-K_1x02_P2.00mm_Vertical","~","0.47429","https://www.tme.eu/pl/details/b2b-ph-k-s/zlacza-sygnalowe-raster-2-00mm/jst/","B2B-PH-K-S","Gniazdo; przewód-płytka; męskie; PH; 2mm; PIN: 2; THT; 100V; 2A","JST","THT","","","","",""
J19 ,1,"5V","Connector_JST:JST_PH_B2B-PH-K_1x02_P2.00mm_Vertical","~","0.47429","https://www.tme.eu/pl/details/b2b-ph-k-s/zlacza-sygnalowe-raster-2-00mm/jst/","B2B-PH-K-S","Gniazdo; przewód-płytka; męskie; PH; 2mm; PIN: 2; THT; 100V; 2A","JST","THT","","","","",""
J2 ,1,"Motor Z","Connector_JST:JST_XH_B4B-XH-AM_1x04_P2.50mm_Vertical","~","0.81567","https://www.tme.eu/pl/details/b4b-xh-a/zlacza-sygnalowe-raster-2-50mm/jst/","B4B-XH-A","Gniazdo; przewód-płytka; męskie; XH; 2,5mm; PIN: 4; THT; 250V; 3A","JST","THT","","","","",""
J20 ,1,"3.3V","Connector_JST:JST_PH_B2B-PH-K_1x02_P2.00mm_Vertical","~","0.47429","https://www.tme.eu/pl/details/b2b-ph-k-s/zlacza-sygnalowe-raster-2-00mm/jst/","B2B-PH-K-S","Gniazdo; przewód-płytka; męskie; PH; 2mm; PIN: 2; THT; 100V; 2A","JST","THT","","","","",""
J21 ,1,"TABLE SENSOR","Connector_JST:JST_PH_B3B-PH-K_1x03_P2.00mm_Vertical","~","0.59599","https://www.tme.eu/pl/details/b3b-ph-k-s/zlacza-sygnalowe-raster-2-00mm/jst/","B3B-PH-K-S","Gniazdo; przewód-płytka; męskie; PH; 2mm; PIN: 3; THT; 100V; 2A","JST","THT","","","","",""
J22 ,1,"INPUT1","Connector_JST:JST_PH_B2B-PH-K_1x02_P2.00mm_Vertical","~","0.47429","https://www.tme.eu/pl/details/b2b-ph-k-s/zlacza-sygnalowe-raster-2-00mm/jst/","B2B-PH-K-S","Gniazdo; przewód-płytka; męskie; PH; 2mm; PIN: 2; THT; 100V; 2A","JST","THT","","","","",""
J23 ,1,"INPUT2","Connector_JST:JST_PH_B2B-PH-K_1x02_P2.00mm_Vertical","~","0.47429","https://www.tme.eu/pl/details/b2b-ph-k-s/zlacza-sygnalowe-raster-2-00mm/jst/","B2B-PH-K-S","Gniazdo; przewód-płytka; męskie; PH; 2mm; PIN: 2; THT; 100V; 2A","JST","THT","","","","",""
J24 ,1,"PHOTO SENSOR EMITER","Connector_JST:JST_PH_B2B-PH-K_1x02_P2.00mm_Vertical","~","0.47429","https://www.tme.eu/pl/details/b2b-ph-k-s/zlacza-sygnalowe-raster-2-00mm/jst/","B2B-PH-K-S","Gniazdo; przewód-płytka; męskie; PH; 2mm; PIN: 2; THT; 100V; 2A","JST","THT","","","","",""
J25 ,1,"PHOTO SENSOR RECEIVER","Connector_JST:JST_PH_B3B-PH-K_1x03_P2.00mm_Vertical","~","0.59599","https://www.tme.eu/pl/details/b3b-ph-k-s/zlacza-sygnalowe-raster-2-00mm/jst/","B3B-PH-K-S","Gniazdo; przewód-płytka; męskie; PH; 2mm; PIN: 3; THT; 100V; 2A","JST","THT","","","","",""
J26 ,1,"ANALOG","Connector_JST:JST_PH_B4B-PH-K_1x04_P2.00mm_Vertical","~","0.78136","https://www.tme.eu/pl/details/b4b-ph-k-s/zlacza-sygnalowe-raster-2-00mm/jst/","B4B-PH-K-S","Gniazdo; przewód-płytka; męskie; PH; 2mm; PIN: 4; THT; 100V; 2A","JST","THT","","","","",""
J27 ,1,"INPUT3","Connector_JST:JST_PH_B3B-PH-K_1x03_P2.00mm_Vertical","~","0.59599","https://www.tme.eu/pl/details/b3b-ph-k-s/zlacza-sygnalowe-raster-2-00mm/jst/","B3B-PH-K-S","Gniazdo; przewód-płytka; męskie; PH; 2mm; PIN: 3; THT; 100V; 2A","JST","THT","","","","",""
J28 ,1,"OUT1","Connector_JST:JST_PH_B3B-PH-K_1x03_P2.00mm_Vertical","~","0.59599","https://www.tme.eu/pl/details/b3b-ph-k-s/zlacza-sygnalowe-raster-2-00mm/jst/","B3B-PH-K-S","Gniazdo; przewód-płytka; męskie; PH; 2mm; PIN: 3; THT; 100V; 2A","JST","THT","","","","",""
J29 ,1,"OUT2","Connector_JST:JST_PH_B3B-PH-K_1x03_P2.00mm_Vertical","~","0.59599","https://www.tme.eu/pl/details/b3b-ph-k-s/zlacza-sygnalowe-raster-2-00mm/jst/","B3B-PH-K-S","Gniazdo; przewód-płytka; męskie; PH; 2mm; PIN: 3; THT; 100V; 2A","JST","THT","","","","",""
J3 ,1,"USB_B","Connector_USB:USB_B_TE_5787834_Vertical"," ~","2.73","https://pl.farnell.com/multicomp/mc32597/usb-2-0-type-b-receptacle-th/dp/1696538?MER=sy-me-pd-mi-alte","MC32597","Złącze USB, USB typu B, USB 2.0, Gniazdo, 4 tory/-ów, Montaż przewlekany, Pionowe ","MULTICOMP PRO","THT","","","","",""
J30 ,1,"RELAY","Connector_JST:JST_PH_B2B-PH-K_1x02_P2.00mm_Vertical","~","0.47429","https://www.tme.eu/pl/details/b2b-ph-k-s/zlacza-sygnalowe-raster-2-00mm/jst/","B2B-PH-K-S","Gniazdo; przewód-płytka; męskie; PH; 2mm; PIN: 2; THT; 100V; 2A","JST","THT","","","","",""
J31 ,1,"EMERGENCY","Connector_JST:JST_PH_B2B-PH-K_1x02_P2.00mm_Vertical","~","0.47429","https://www.tme.eu/pl/details/b2b-ph-k-s/zlacza-sygnalowe-raster-2-00mm/jst/","B2B-PH-K-S","Gniazdo; przewód-płytka; męskie; PH; 2mm; PIN: 2; THT; 100V; 2A","JST","THT","","","","",""
J32 ,1,"EPSON POWER IN","Connector_JST:JST_PH_B3B-PH-K_1x03_P2.00mm_Vertical","~","0.59599","https://www.tme.eu/pl/details/b3b-ph-k-s/zlacza-sygnalowe-raster-2-00mm/jst/","B3B-PH-K-S","Gniazdo; przewód-płytka; męskie; PH; 2mm; PIN: 3; THT; 100V; 2A","JST","THT","","","","",""
J33 ,1,"EPSON BOARD POWER","Connector_JST:JST_PH_B3B-PH-K_1x03_P2.00mm_Vertical","~","0.59599","https://www.tme.eu/pl/details/b3b-ph-k-s/zlacza-sygnalowe-raster-2-00mm/jst/","B3B-PH-K-S","Gniazdo; przewód-płytka; męskie; PH; 2mm; PIN: 3; THT; 100V; 2A","JST","THT","","","","",""
J34 ,1,"Display","Connector_JST:JST_PH_B10B-PH-K_1x10_P2.00mm_Vertical","~","1.33","https://pl.farnell.com/jst-japan-solderless-terminals/b10b-ph-k-s-lf-sn/header-tht-vertical-2mm-10way/dp/9491880?ost=B10B-PH-K-S&ddkey=https%3Apl-PL%2FElement14_Poland%2Fsearch","B10B-PH-K-S","Złącze przewód-płytka, pionowe, 2 mm, 10 styki/-ów, Header, Seria PH, Przewlekane, 1 rzędy/-ów","JST","THT","","","","",""
J35 ,1,"SPI Interface","Connector_JST:JST_PH_B5B-PH-K_1x05_P2.00mm_Vertical","~","0.90501","https://www.tme.eu/pl/details/b5b-ph-k-s/zlacza-sygnalowe-raster-2-00mm/jst/","B5B-PH-K-S","Gniazdo; przewód-płytka; męskie; PH; 2mm; PIN: 5; THT; 100V; 2A","JST","THT","","","","",""
J36 ,1,"I2C Interface","Connector_JST:JST_PH_B4B-PH-K_1x04_P2.00mm_Vertical","~","0.78136","https://www.tme.eu/pl/details/b4b-ph-k-s/zlacza-sygnalowe-raster-2-00mm/jst/","B4B-PH-K-S","Gniazdo; przewód-płytka; męskie; PH; 2mm; PIN: 4; THT; 100V; 2A","JST","THT","","","","",""
J37 ,1,"LED4","Connector_JST:JST_PH_B2B-PH-K_1x02_P2.00mm_Vertical","~","0.47429","https://www.tme.eu/pl/details/b2b-ph-k-s/zlacza-sygnalowe-raster-2-00mm/jst/","B2B-PH-K-S","Gniazdo; przewód-płytka; męskie; PH; 2mm; PIN: 2; THT; 100V; 2A","JST","THT","","","","",""
J38 ,1,"LED3","Connector_JST:JST_PH_B2B-PH-K_1x02_P2.00mm_Vertical","~","0.47429","https://www.tme.eu/pl/details/b2b-ph-k-s/zlacza-sygnalowe-raster-2-00mm/jst/","B2B-PH-K-S","Gniazdo; przewód-płytka; męskie; PH; 2mm; PIN: 2; THT; 100V; 2A","JST","THT","","","","",""
J39 ,1,"Key 3","Connector_JST:JST_PH_B2B-PH-K_1x02_P2.00mm_Vertical","~","0.47429","https://www.tme.eu/pl/details/b2b-ph-k-s/zlacza-sygnalowe-raster-2-00mm/jst/","B2B-PH-K-S","Gniazdo; przewód-płytka; męskie; PH; 2mm; PIN: 2; THT; 100V; 2A","JST","THT","","","","",""
J4 ,1,"SWD","Connector:Tag-Connect_TC2030-IDC-NL_2x03_P1.27mm_Vertical","~","0","","","","","","","","","",""
J40 ,1,"Key 4","Connector_JST:JST_PH_B2B-PH-K_1x02_P2.00mm_Vertical","~","0.47429","https://www.tme.eu/pl/details/b2b-ph-k-s/zlacza-sygnalowe-raster-2-00mm/jst/","B2B-PH-K-S","Gniazdo; przewód-płytka; męskie; PH; 2mm; PIN: 2; THT; 100V; 2A","JST","THT","","","","",""
J41 ,1,"Key 1","Connector_JST:JST_PH_B2B-PH-K_1x02_P2.00mm_Vertical","~","0.47429","https://www.tme.eu/pl/details/b2b-ph-k-s/zlacza-sygnalowe-raster-2-00mm/jst/","B2B-PH-K-S","Gniazdo; przewód-płytka; męskie; PH; 2mm; PIN: 2; THT; 100V; 2A","JST","THT","","","","",""
J42 ,1,"Key 2","Connector_JST:JST_PH_B2B-PH-K_1x02_P2.00mm_Vertical","~","0.47429","https://www.tme.eu/pl/details/b2b-ph-k-s/zlacza-sygnalowe-raster-2-00mm/jst/","B2B-PH-K-S","Gniazdo; przewód-płytka; męskie; PH; 2mm; PIN: 2; THT; 100V; 2A","JST","THT","","","","",""
J43 ,1,"Encoder","Connector_JST:JST_PH_B3B-PH-K_1x03_P2.00mm_Vertical","~","0.59599","https://www.tme.eu/pl/details/b3b-ph-k-s/zlacza-sygnalowe-raster-2-00mm/jst/","B3B-PH-K-S","Gniazdo; przewód-płytka; męskie; PH; 2mm; PIN: 3; THT; 100V; 2A","JST","THT","","","","",""
J5 ,1,"DEBUG","Connector_JST:JST_PH_B3B-PH-K_1x03_P2.00mm_Vertical","~","0.59599","https://www.tme.eu/pl/details/b3b-ph-k-s/zlacza-sygnalowe-raster-2-00mm/jst/","B3B-PH-K-S","Gniazdo; przewód-płytka; męskie; PH; 2mm; PIN: 3; THT; 100V; 2A","JST","THT","","","","",""
J6 ,1,"LIMIT Y BACK","Connector_JST:JST_PH_B2B-PH-K_1x02_P2.00mm_Vertical","~","0.47429","https://www.tme.eu/pl/details/b2b-ph-k-s/zlacza-sygnalowe-raster-2-00mm/jst/","B2B-PH-K-S","Gniazdo; przewód-płytka; męskie; PH; 2mm; PIN: 2; THT; 100V; 2A","JST","THT","","","","",""
J7 ,1,"LIMIT Y FRONT","Connector_JST:JST_PH_B2B-PH-K_1x02_P2.00mm_Vertical","~","0.47429","https://www.tme.eu/pl/details/b2b-ph-k-s/zlacza-sygnalowe-raster-2-00mm/jst/","B2B-PH-K-S","Gniazdo; przewód-płytka; męskie; PH; 2mm; PIN: 2; THT; 100V; 2A","JST","THT","","","","",""
J8 ,1,"LIMIT Z UP","Connector_JST:JST_PH_B2B-PH-K_1x02_P2.00mm_Vertical","~","0.47429","https://www.tme.eu/pl/details/b2b-ph-k-s/zlacza-sygnalowe-raster-2-00mm/jst/","B2B-PH-K-S","Gniazdo; przewód-płytka; męskie; PH; 2mm; PIN: 2; THT; 100V; 2A","JST","THT","","","","",""
J9 ,1,"LIMIT Z DOWN","Connector_JST:JST_PH_B2B-PH-K_1x02_P2.00mm_Vertical","~","0.47429","https://www.tme.eu/pl/details/b2b-ph-k-s/zlacza-sygnalowe-raster-2-00mm/jst/","B2B-PH-K-S","Gniazdo; przewód-płytka; męskie; PH; 2mm; PIN: 2; THT; 100V; 2A","JST","THT","","","","",""
K1 ,1,"S13-24V-2C","footprints:Relay_DPDT_Omron_G5V-2","https://www.tme.eu/Document/64152b8fe9c340a87eeb0f5deb8b7f91/s13-relay.pdf","4.46","https://www.tme.eu/pl/details/s13-24v-2c/przekazniki-elektromagn-miniaturowe/shori-electric/","S13-24V-2C","Przekaźnik: elektromagnetyczny; DPDT; Ucewki : 24VDC; 0,5A/125VAC","SHORI ELECTRIC","THT","","","","",""
L1 ,1,"DJNR6045-680","footprints:L_6.2x6.2_H4.5","~","0.7018","https://www.tme.eu/pl/details/djnr6045-150/dlawiki-smd-mocy/ferrocore/","DJNR6045-150","Dławik: drutowy; SMD; 15uH; Ipracy: 2,3A; 100,1mΩ; 6x5,9x4,5mm; ±20%","FERROCORE","SMD","","","","","68uH"
L2 ,1,"DJNR6045-150","footprints:L_6.2x6.2_H4.5","~","0.7018","https://www.tme.eu/pl/details/djnr6045-150/dlawiki-smd-mocy/ferrocore/","DJNR6045-150","Dławik: drutowy; SMD; 15uH; Ipracy: 2,3A; 100,1mΩ; 6x5,9x4,5mm; ±20%","FERROCORE","SMD","","","","","15uH"
L3 ,1,"DJNR6045-6R8","footprints:L_6.2x6.2_H4.5","~","0.7018","https://www.tme.eu/pl/details/djnr6045-6r8/dlawiki-smd-mocy/ferrocore/","DJNR6045-6R8","Dławik: drutowy; SMD; 6,8uH; Ipracy: 3,5A; 49,4mΩ; 6x5,9x4,5mm; ±20%","FERROCORE","SMD","","","","","6.8uH"
Q1 Q2 Q3 Q4 Q6 Q5 Q7 Q10 Q9 Q14 Q15 Q16 Q19 Q18 Q20 Q21 ,16,"2N7002K","Package_TO_SOT_SMD:SOT-23","https://www.diodes.com/assets/Datasheets/ds30896.pdf","0.08831","https://www.tme.eu/pl/details/2n7002kt1g/tranzystory-z-kanalem-n-smd/on-semiconductor/","2N7002KT1G","Tranzystor: N-MOSFET ESD Protected; unipolarny; 60V; 0,38A; 0,42W; SOT23-3","ON SEMICONDUCTOR","SMD","","","","",""
Q11 Q12 Q13 Q17 ,4,"BC817","Package_TO_SOT_SMD:SOT-23","http://www.fairchildsemi.com/ds/BC/BC817.pdf","0.1189","https://www.tme.eu/pl/details/bc817.215/tranzystory-npn-smd/nexperia/","BC817.215","Tranzystor: NPN; bipolarny; 45V; 0,5A; 250mW; SOT23","NEXPERIA","SMD","","","","",""
Q8 ,1,"YJS9435A","Package_SO:SOP-8_3.9x4.9mm_P1.27mm","http://www.irf.com/product-info/datasheets/data/irf7606pbf.pdf","0.29736","https://www.tme.eu/pl/details/yjs9435a-yan/tranzystory-z-kanalem-p-smd/yangjie-technology/yjs9435a/","YJS9435A","Tranzystor: P-MOSFET; TRENCH POWER LV; unipolarny; -30V; -4,1A","YANGJIE TECHNOLOGY","SMD","","","","",""
R10 R53 ,2,"47Ω","Resistor_SMD:R_0603_1608Metric","~","0.04651","","","","","SMD","","","","",""
R12 R11 R57 R51 R60 R63 R80 R104 R108 R105 R109 R102 R106 R103 R107 R117 R118 R119 R120 R1 ,20,"10kΩ","Resistor_SMD:R_0603_1608Metric","~","0.03622","https://www.tme.eu/pl/details/smd0603-10k-1%25/rezystory-smd-0603/royal-ohm/0603saf1002t5e/","0603SAF1002T5E","Rezystor: thick film; SMD; 0603; 10kΩ; 0,1W; ±1%; -55÷155°C","ROYAL OHM","SMD","","","","",""
R13 R33 R34 R32 R36 R37 R111 ,7,"0Ω","Resistor_SMD:R_0603_1608Metric","~","0.04651","","","","","SMD","","","","",""
R14 R17 R100 R101 R47 ,5,"330Ω","Resistor_SMD:R_0603_1608Metric","~","0.04651","","","","","SMD","","","","",""
R18 R19 R20 R21 R62 R61 R112 R110 ,8,"2.2kΩ","Resistor_SMD:R_0603_1608Metric","~","0.04651","https://www.tme.eu/pl/details/smd0603-4k7-1%25/rezystory-smd-0603/royal-ohm/0603saf4701t5e/","SMD0603-4K7-1%","Rezystor: thick film; SMD; 0603; 4,7kΩ; 0,1W; ±1%; -55÷155°C","ROYAL OHM","SMD","","","","",""
R2 R6 R31 R42 R43 R44 ,6,"1kΩ","Resistor_SMD:R_0603_1608Metric","~","0.04651","https://www.tme.eu/pl/details/smd0603-1k-1%25/rezystory-smd-0603/royal-ohm/0603saf1001t5e/","0603SAF1001T5E","Rezystor: thick film; SMD; 0603; 1kΩ; 0,1W; ±1%; -55÷155°C","ROYAL OHM","SMD","","1%","","",""
R22 R23 R24 R25 R38 R30 R41 R66 R65 R86 R85 R87 R98 R99 R113 R114 ,16,"100Ω","Resistor_SMD:R_0603_1608Metric","~","0.03185","https://www.tme.eu/pl/details/smd0603-100r-1%25/rezystory-smd-0603/royal-ohm/0603saf1000t5e/","0603SAF1000T5E","Rezystor: thick film; SMD; 0603; 100Ω; 0,1W; ±1%; -55÷155°C","ROYAL OHM","SMD","","","","",""
R26 R27 R28 R29 R40 R72 R73 R71 R70 R84 R93 R115 R116 ,13,"20kΩ","Resistor_SMD:R_0603_1608Metric","~","0.03572","https://www.tme.eu/pl/details/smd0603-47k/rezystory-smd-0603/royal-ohm/0603saj0473t5e/","0603SAJ0473T5E","Rezystor: thick film; SMD; 0603; 47kΩ; 0,1W; ±5%; -55÷155°C","ROYAL OHM","SMD","","","","",""
R3 R7 R39 R52 R48 R64 R68 R82 R67 R69 R83 R91 R95 R94 R92 ,15,"100kΩ","Resistor_SMD:R_0603_1608Metric","~","0.04651","","","","","SMD","","","","",""
R35 R81 R74 R75 R78 R76 R77 R79 ,8,"NI","Resistor_SMD:R_0603_1608Metric","~","","","","","","SMD","","","","",""
R4 R5 R8 R9 ,4,"100mΩ","Resistor_SMD:R_2010_5025Metric","~","0.76246","https://www.tme.eu/pl/details/cs2010-0r1-1%25-hp/rezystory-smd-2010/viking/cs10ftftr100/","CS10FTFTR100","Rezystor: thick film; pomiarowy; SMD; 2010; 100mΩ; 1W; ±1%","VIKING","SMD","1W","1%","","",""
R45 ,1,"10kΩ","Resistor_SMD:R_0805_2012Metric","~","0.04651","","","","","SMD","","","","",""
R50 ,1,"140kΩ","Resistor_SMD:R_0603_1608Metric","~","0.02","https://pl.farnell.com/multicomp/mcwr06x3162ftl/res-31k6-1-0-1w-thick-film/dp/2447337RL","MCWR06X3162FTL","Rezystor SMD, grubowarstwowy, 0603 [jedn. metryczne: 1608], 31.6 kohm, Seria MCWR, 75 V","MULTICOMP PRO","SMD","","1%","","",""
R55 R54 ,2,"100mΩ","Resistor_SMD:R_1206_3216Metric","~","0.33547","https://www.tme.eu/pl/details/smd1206-r10-lo/rezystory-smd-1206/te-connectivity/6-1622825-5/","6-1622825-5","Rezystor: metal glaze; SMD; 1206; 100mΩ; 0,25W; ±5%; 200ppm/°C","TE Connectivity","SMD","","","","",""
R56 ,1,"31.2kΩ","Resistor_SMD:R_0603_1608Metric","~","0.02","https://pl.farnell.com/multicomp/mcwr06x3162ftl/res-31k6-1-0-1w-thick-film/dp/2447337RL","MCWR06X3162FTL","Rezystor SMD, grubowarstwowy, 0603 [jedn. metryczne: 1608], 31.6 kohm, Seria MCWR, 75 V","MULTICOMP PRO","SMD","","1%","","",""
R58 ,1,"3.92kΩ","Resistor_SMD:R_0603_1608Metric","~","0.05158","https://www.tme.eu/pl/details/smd0603-3.92k-1%25/rezystory-smd-0603/royal-ohm/0603saf3921t5e/","0603SAF3921T5E","Rezystor: thick film; SMD; 0603; 3,92kΩ; 0,1W; ±1%; -55÷155°C","ROYAL OHM","SMD","","1%","","",""
R59 ,1,"750Ω","Resistor_SMD:R_0603_1608Metric","~","0.04651","","","","","SMD","","1%","","",""
R88 ,1,"0Ω","Resistor_SMD:R_0805_2012Metric","~"
R89 R90 ,2,"NI","Resistor_SMD:R_0805_2012Metric","~"
R96 R97 ,2,"20Ω","Resistor_SMD:R_0603_1608Metric","~","","","","","","SMD","","","","",""
RN1 RN2 RN3 RN4 ,4,"330Ω","Resistor_SMD:R_Array_Convex_4x0603","~","0.04823","https://www.tme.eu/pl/details/dr1206-330r-4_8/drabinki-rezystorowe-smd/royal-ohm/4d03wgj0331t/","4D03WGJ0331T","Drabinka rezystorowa: Y; 330Ω; SMD; 1206; Il.rezystorów: 4; 63mW","ROYAL OHM","SMD","","","","",""
TP1 ,1,"SWDIO","TestPoint:TestPoint_Pad_D1.5mm","~"
TP10 ,1,"5V","TestPoint:TestPoint_Pad_D1.5mm","~"
TP11 ,1,"3.3V","TestPoint:TestPoint_Pad_D1.5mm","~"
TP12 ,1,"12V","TestPoint:TestPoint_Pad_D1.5mm","~"
TP13 ,1,"GND","TestPoint:TestPoint_Pad_D1.5mm","~"
TP14 ,1,"OPE","TestPoint:TestPoint_Pad_D1.5mm","~"
TP15 ,1,"AIN8","TestPoint:TestPoint_Pad_D1.5mm","~"
TP16 ,1,"AIN9","TestPoint:TestPoint_Pad_D1.5mm","~"
TP2 ,1,"NRST","TestPoint:TestPoint_Pad_D1.5mm","~"
TP3 ,1,"SWCLK","TestPoint:TestPoint_Pad_D1.5mm","~"
TP4 ,1,"PP3V3","TestPoint:TestPoint_Pad_D1.5mm","~"
TP5 ,1,"PE_S","TestPoint:TestPoint_Pad_D1.5mm","~"
TP6 ,1,"OPC1","TestPoint:TestPoint_Pad_D1.5mm","~"
TP7 ,1,"PF_A","TestPoint:TestPoint_Pad_D1.5mm","~"
TP8 ,1,"PF_B","TestPoint:TestPoint_Pad_D1.5mm","~"
TP9 ,1,"VS","TestPoint:TestPoint_Pad_D1.5mm","~"
U1 U2 ,2,"TMC2209-LA","footprints:QFN-28_5X5mm_P0.5mm_EP3.35x.3.35mm","https://www.trinamic.com/fileadmin/assets/Products/ICs_Documents/TMC2209_Datasheet_V103.pdf","10.30","https://pl.farnell.com/trinamic/tmc2209-la-t/motor-driver-stepper-qfn-28/dp/3131535?st=TMC2209","TMC2209-LA-T","Sterownik/kontroler silnika krokowego, 4.75V do 29V, 2A/1 wyjście, QFN-28","TRINAMIC","SMD","","","","",""
U10 ,1,"74HC2G32","Package_SO:VSSOP-8_2.3x2mm_P0.5mm","","1.1252","https://www.tme.eu/pl/details/74hc2g32dc.125/bramki-inwertery/nexperia/","74HC2G32DC.125","IC: cyfrowy; OR; Kanały: 2; IN: 4; CMOS; SMD; VSSOP8; Seria: HC; 2÷6VDC","NEXPERIA","SMD","","","","",""
U12 ,1,"SHTC3","footprints:DFN-4-1EP_2x2mm_P1mm_EP0.7x1.6mm","","7.2","https://www.tme.eu/pl/details/shtc3/czujniki-wilgotnosci/sensirion/3-000-047/","SHTC3","Czujnik: temperatury i wilgotności; Zakres: 0÷100% RH; -0,3÷4VDC","SENSIRION","SMD","","","","",""
U13 ,1,"M24C02-WDW","Package_SO:TSSOP-8_4.4x3mm_P0.65mm","http://www.st.com/content/ccc/resource/technical/document/datasheet/b0/d8/50/40/5a/85/49/6f/DM00071904.pdf/files/DM00071904.pdf/jcr:content/translations/en.DM00071904.pdf","0.56","https://pl.farnell.com/stmicroelectronics/m24c02-wdw6tp/eeprom-2kbit-i2c-400khz-tssop/dp/2849956RL","M24C02-WDW6TP","EEPROM, 2 Kbit, 256 x 8 bitów, Szeregowy I2C (2-Wire), 400 kHz, TSSOP, 8 piny/-ów","ST","SMD","","","","",""
U3 ,1,"STM32F401VETx","Package_QFP:LQFP-100_14x14mm_P0.5mm","http://www.st.com/st-web-ui/static/active/en/resource/technical/document/datasheet/DM00102166.pdf","22.53","https://pl.farnell.com/stmicroelectronics/stm32f401vbt6/mcu-32bit-cortex-m4-84mhz-lqfp/dp/2393646?st=STM32F401VB","STM32F401VBT6","ARM MCU, linia Dynamic Efficiency, STM32 Family STM32F4 Series Microcontrollers, ARM Cortex-M4","STM","SMD","","","","",""
U4 ,1,"USBUF02W6","footprints:SOT323-6L","","1.0587","https://www.tme.eu/pl/details/usbuf02w6/filtry-uklady-scalone/stmicroelectronics/","USBUF02W6","Filtr: cyfrowy; line terminator; EMI,dolnoprzepustowy; SOT323-6L","STM","SMD","","","","",""
U5 U11 ,2,"74HC245","Package_SO:TSSOP-20_4.4x6.5mm_P0.65mm","http://www.ti.com/lit/gpn/sn74HC245","0.9740","https://www.tme.eu/pl/details/74hc245pw.112/bufory-nadajniki-sterowniki/nexperia/","74HC245PW.112","IC: cyfrowy; bus transceiver; Kanały: 8; SMD; TSSOP20; Seria: HC","NEXPERIA","SMD","","","","",""
U7 ,1,"A4403","Package_DFN_QFN:QFN-16-1EP_4x4mm_P0.65mm_EP2.7x2.7mm","https://www.allegromicro.com/~/media/Files/Datasheets/A4403-Datasheet.ashx","6.66","https://www.tme.eu/pl/details/a4403geutr-t/regulatory-napiecia-uklady-dc-dc/allegro-microsystems/","A4403GEUTR-T","PMIC; przetwornica DC/DC; Upracy: 9÷46V; Uwyj: 46V; QFN16; buck","ALLEGRO","SMD","","","","",""
U8 U6 ,2,"MCP16301","Package_TO_SOT_SMD:SOT-23-6","http://ww1.microchip.com/downloads/en/DeviceDoc/20005004D.pdf","3.82","https://www.tme.eu/pl/details/mcp16301t-i_chy/regulatory-napiecia-uklady-dc-dc/microchip-technology/","MCP16301T-I/CHY","PMIC; przetwornica DC/DC; Upracy: 4÷30V; Uwyj: 2÷15V; SOT23-6; buck","MICROCHIP","SMD","","","","",""
U9 ,1,"MCP6002-xSN","Package_SO:SOIC-8_3.9x4.9mm_P1.27mm","http://ww1.microchip.com/downloads/en/DeviceDoc/21733j.pdf","2.07","https://www.tme.eu/pl/details/mcp6002t-i_sn/wzmacniacze-operacyjne-smd/microchip-technology/","MCP6002T-I/SN","Wzmacniacz operacyjny; 1MHz; 1,8÷5,5V; Kanały: 2; SO8","MICROCHIP","SMD","","","","",""
Y1 ,1,"8MHz","Crystal:Crystal_HC49-4H_Vertical","~","1.6356","https://www.tme.eu/pl/details/8m-49s-sr/rezonatory-kwarcowe-tht/sr-passives/","8M-49S-SR","Rezonator: kwarcowy; 8MHz; ±30ppm; 20pF; THT; HC49-S","SR PASSIVES","THT","","","","",""